2020.01.01,00:00:00,0.70137,0.70192,0.70048,0.70182,1734
2020.01.02,00:00:00,0.70188,0.70195,0.69782,0.69829,36210
2020.01.03,00:00:00,0.69828,0.69862,0.69299,0.69456,43905
2020.01.05,00:00:00,0.69416,0.69445,0.69322,0.69432,3524
2020.01.06,00:00:00,0.69432,0.69574,0.6925,0.69364,38194
2020.01.07,00:00:00,0.69366,0.69389,0.68498,0.68594,48992
2020.01.08,00:00:00,0.68592,0.68851,0.68487,0.68749,68029
2020.01.09,00:00:00,0.68749,0.68802,0.685,0.68529,36561
2020.01.10,00:00:00,0.68531,0.69109,0.68505,0.68981,38594
2020.01.12,00:00:00,0.68967,0.69054,0.68932,0.68996,1917
2020.01.13,00:00:00,0.68994,0.69195,0.68943,0.6897,35702
2020.01.14,00:00:00,0.68969,0.69094,0.68848,0.68944,39847
2020.01.15,00:00:00,0.68943,0.69163,0.68771,0.69069,36594
2020.01.16,00:00:00,0.69069,0.69335,0.68875,0.68981,37410
2020.01.17,00:00:00,0.68981,0.69108,0.687,0.68708,34922
2020.01.19,00:00:00,0.68721,0.68826,0.6872,0.6881,1861
2020.01.20,00:00:00,0.6881,0.68882,0.68549,0.68752,26127
2020.01.21,00:00:00,0.68754,0.68802,0.68418,0.68471,41813
2020.01.22,00:00:00,0.68471,0.68559,0.68268,0.6841,39529
2020.01.23,00:00:00,0.6841,0.68785,0.6829,0.68482,50326
2020.01.24,00:00:00,0.6848,0.6857,0.68172,0.6819,34374
2020.01.26,00:00:00,0.68119,0.68184,0.68007,0.68009,6434
2020.01.27,00:00:00,0.68009,0.68168,0.67518,0.67614,41189
2020.01.28,00:00:00,0.67614,0.67664,0.67367,0.67636,39279
2020.01.29,00:00:00,0.67633,0.67769,0.67349,0.6753,41647
2020.01.30,00:00:00,0.67529,0.67531,0.66997,0.67052,50914
2020.01.31,00:00:00,0.67051,0.67294,0.66825,0.6685,47198
2020.02.02,00:00:00,0.66834,0.66953,0.66832,0.66924,3678
2020.02.03,00:00:00,0.66921,0.67067,0.66833,0.66893,46547
2020.02.04,00:00:00,0.66893,0.67416,0.66784,0.67307,45067
2020.02.05,00:00:00,0.67309,0.67738,0.67234,0.67511,44403
2020.02.06,00:00:00,0.67511,0.67648,0.67266,0.67309,35218
2020.02.07,00:00:00,0.6731,0.6731,0.66619,0.66707,37264
2020.02.09,00:00:00,0.66647,0.66782,0.66647,0.66696,4234
2020.02.10,00:00:00,0.66697,0.6707,0.66676,0.66892,40248
2020.02.11,00:00:00,0.66892,0.67363,0.66805,0.6718,38410
2020.02.12,00:00:00,0.67179,0.67498,0.67065,0.67128,70936
2020.02.13,00:00:00,0.67128,0.67449,0.67094,0.67186,89071
2020.02.14,00:00:00,0.67186,0.67312,0.67089,0.67105,55721
2020.02.16,00:00:00,0.67197,0.67291,0.67162,0.67252,2062
2020.02.17,00:00:00,0.67252,0.6733,0.67065,0.67092,20557
2020.02.18,00:00:00,0.67091,0.67093,0.66733,0.66936,31507
2020.02.19,00:00:00,0.66935,0.67072,0.66649,0.66805,27410
2020.02.20,00:00:00,0.66805,0.66931,0.66099,0.66114,42030
2020.02.21,00:00:00,0.66114,0.66385,0.65855,0.66241,38574
2020.02.23,00:00:00,0.65839,0.66085,0.65838,0.66054,3868
2020.02.24,00:00:00,0.66054,0.66195,0.65862,0.66103,46606
2020.02.25,00:00:00,0.66103,0.66221,0.6586,0.66047,48296
2020.02.26,00:00:00,0.66046,0.66067,0.65419,0.65464,53548
2020.02.27,00:00:00,0.65464,0.65918,0.6543,0.65798,66010
2020.02.28,00:00:00,0.65799,0.6585,0.64335,0.65056,99172
2020.03.01,00:00:00,0.64668,0.65247,0.64623,0.65132,5012
2020.03.02,00:00:00,0.65131,0.65677,0.64886,0.65487,81131
2020.03.03,00:00:00,0.65484,0.66453,0.65093,0.65826,82896
2020.03.04,00:00:00,0.65827,0.66291,0.65827,0.66279,48867
2020.03.05,00:00:00,0.66279,0.66364,0.65835,0.66156,42194
2020.03.06,00:00:00,0.66158,0.6657,0.65847,0.66387,59765
2020.03.08,00:00:00,0.66057,0.6623,0.65935,0.66121,11524
2020.03.09,00:00:00,0.6612,0.66846,0.6307,0.65969,138180
2020.03.10,00:00:00,0.65974,0.66035,0.6462,0.64938,97899
2020.03.11,00:00:00,0.64944,0.65393,0.64697,0.64764,88106
2020.03.12,00:00:00,0.64766,0.64811,0.62114,0.62738,161943
2020.03.13,00:00:00,0.62744,0.63253,0.61224,0.61835,136287
2020.03.15,00:00:00,0.61473,0.63027,0.61062,0.61783,18402
2020.03.16,00:00:00,0.61783,0.61882,0.60786,0.61012,153399
2020.03.17,00:00:00,0.61014,0.61483,0.59585,0.5989,139356
2020.03.18,00:00:00,0.5989,0.60283,0.57017,0.5792,152629
2020.03.19,00:00:00,0.57921,0.59639,0.55068,0.57427,237044
2020.03.20,00:00:00,0.57427,0.5985,0.57087,0.57978,204287
2020.03.22,00:00:00,0.58034,0.58244,0.57045,0.5752,23713
2020.03.23,00:00:00,0.57519,0.58846,0.56993,0.58746,267827
2020.03.24,00:00:00,0.58746,0.59896,0.58643,0.59689,183767
2020.03.25,00:00:00,0.59688,0.6073,0.58927,0.59012,156326
2020.03.26,00:00:00,0.59011,0.60869,0.58698,0.60774,141794
2020.03.27,00:00:00,0.60774,0.61998,0.60222,0.61572,151011
2020.03.29,00:00:00,0.61497,0.61831,0.61124,0.6173,11407
2020.03.30,00:00:00,0.61732,0.61835,0.61111,0.61642,129594
2020.03.31,00:00:00,0.61645,0.62131,0.60745,0.61375,179848
2020.04.01,00:00:00,0.61379,0.61848,0.60384,0.60893,119330
2020.04.02,00:00:00,0.60894,0.61186,0.60065,0.60644,115142
2020.04.03,00:00:00,0.60643,0.6075,0.59797,0.59867,92082
2020.04.05,00:00:00,0.6011,0.60152,0.59845,0.59922,6461
2020.04.06,00:00:00,0.59926,0.6122,0.59905,0.61163,87308
2020.04.07,00:00:00,0.61166,0.62078,0.60969,0.61514,107406
2020.04.08,00:00:00,0.61509,0.62446,0.61152,0.62326,88684
2020.04.09,00:00:00,0.62334,0.6363,0.61948,0.63306,86014
2020.04.10,00:00:00,0.63306,0.63673,0.63123,0.63409,25880
2020.04.12,00:00:00,0.63458,0.63574,0.63255,0.63342,3657
2020.04.13,00:00:00,0.63343,0.64089,0.63301,0.63987,52191
2020.04.14,00:00:00,0.63987,0.64443,0.6374,0.64345,66956
2020.04.15,00:00:00,0.64345,0.64358,0.62838,0.6308,80629
2020.04.16,00:00:00,0.63081,0.63848,0.62639,0.63589,102243
2020.04.17,00:00:00,0.63592,0.63829,0.63139,0.63598,82631
2020.04.19,00:00:00,0.63622,0.63665,0.63362,0.63363,3929
2020.04.20,00:00:00,0.63363,0.6397,0.63296,0.63412,70482
2020.04.21,00:00:00,0.63415,0.63462,0.6253,0.6292,81697
2020.04.22,00:00:00,0.62923,0.63525,0.62808,0.62963,63202
2020.04.23,00:00:00,0.62971,0.64061,0.62825,0.63756,71492
2020.04.24,00:00:00,0.6376,0.63981,0.63368,0.63892,50157
2020.04.26,00:00:00,0.63807,0.63982,0.63806,0.63969,2352
2020.04.27,00:00:00,0.63971,0.64712,0.63921,0.64491,52102
2020.04.28,00:00:00,0.64492,0.65136,0.64338,0.65019,55427
2020.04.29,00:00:00,0.65019,0.65582,0.65008,0.6554,54605
2020.04.30,00:00:00,0.65538,0.65695,0.64825,0.64941,74790
2020.05.01,00:00:00,0.64943,0.64968,0.64097,0.64149,48162
2020.05.03,00:00:00,0.6412,0.64125,0.63725,0.6376,5801
2020.05.04,00:00:00,0.63759,0.64344,0.63723,0.64252,52996
2020.05.05,00:00:00,0.64253,0.64756,0.64165,0.64327,56569
2020.05.06,00:00:00,0.6433,0.64525,0.63779,0.63905,54319
2020.05.07,00:00:00,0.63907,0.65102,0.63907,0.65002,55550
2020.05.08,00:00:00,0.65012,0.65476,0.64974,0.65301,42059
2020.05.10,00:00:00,0.65309,0.65368,0.65137,0.65349,4240
2020.05.11,00:00:00,0.65349,0.65611,0.64562,0.64837,57406
2020.05.12,00:00:00,0.64839,0.6536,0.64318,0.64512,66666
2020.05.13,00:00:00,0.64514,0.6524,0.6438,0.64525,85519
2020.05.14,00:00:00,0.64532,0.64732,0.64031,0.647,76684
2020.05.15,00:00:00,0.647,0.64728,0.64017,0.64126,58979
2020.05.17,00:00:00,0.6419,0.64278,0.64098,0.64248,3433
2020.05.18,00:00:00,0.6425,0.6528,0.64195,0.65229,52148
2020.05.19,00:00:00,0.65233,0.65847,0.65094,0.65399,60728
2020.05.20,00:00:00,0.65401,0.66157,0.65273,0.65907,54349
2020.05.21,00:00:00,0.65912,0.6598,0.65485,0.6566,61097
2020.05.22,00:00:00,0.65659,0.65719,0.65056,0.65334,52130
2020.05.24,00:00:00,0.65315,0.65479,0.65286,0.65449,2840
2020.05.25,00:00:00,0.65449,0.65498,0.65194,0.65494,35502
2020.05.26,00:00:00,0.65496,0.66749,0.65418,0.66451,57190
2020.05.27,00:00:00,0.66451,0.668,0.65672,0.66207,86334
2020.05.28,00:00:00,0.66209,0.66671,0.65877,0.6632,79545
2020.05.29,00:00:00,0.66319,0.66829,0.66181,0.6665,86346
2020.05.31,00:00:00,0.6657,0.66687,0.66479,0.6658,4897
2020.06.01,00:00:00,0.66579,0.6813,0.66577,0.67835,77297
2020.06.02,00:00:00,0.67835,0.69219,0.67744,0.69133,80772
2020.06.03,00:00:00,0.69135,0.69829,0.6856,0.69265,99772
2020.06.04,00:00:00,0.69268,0.69871,0.68819,0.69385,100735
2020.06.05,00:00:00,0.69386,0.70125,0.69304,0.69668,87711
2020.06.07,00:00:00,0.69646,0.70029,0.69645,0.69994,3886
2020.06.08,00:00:00,0.69994,0.70289,0.69614,0.70231,63190
2020.06.09,00:00:00,0.70234,0.70424,0.6898,0.69389,84601
2020.06.10,00:00:00,0.69392,0.70637,0.69321,0.69676,102329
2020.06.11,00:00:00,0.69678,0.69936,0.68181,0.68285,133159
2020.06.12,00:00:00,0.68286,0.69114,0.67992,0.68638,141323
2020.06.14,00:00:00,0.6841,0.68452,0.68099,0.68252,9171
2020.06.15,00:00:00,0.68252,0.69624,0.67761,0.69619,141876
2020.06.16,00:00:00,0.69622,0.69762,0.68333,0.68928,126258
2020.06.17,00:00:00,0.6893,0.69223,0.68518,0.68759,106711
2020.06.18,00:00:00,0.68759,0.69019,0.68357,0.68558,93117
2020.06.19,00:00:00,0.6856,0.69111,0.68292,0.68336,77199
2020.06.21,00:00:00,0.68098,0.68306,0.68097,0.68191,5426
2020.06.22,00:00:00,0.68195,0.69347,0.68163,0.69286,64361
2020.06.23,00:00:00,0.69285,0.69743,0.68575,0.69428,86480
2020.06.24,00:00:00,0.69429,0.69616,0.68533,0.68552,87827
2020.06.25,00:00:00,0.68553,0.68949,0.68469,0.68876,83157
2020.06.26,00:00:00,0.68877,0.68949,0.68401,0.68641,62811
2020.06.28,00:00:00,0.68566,0.6866,0.68452,0.68596,3228
2020.06.29,00:00:00,0.68598,0.68905,0.68414,0.68713,63097
2020.06.30,00:00:00,0.68714,0.69117,0.68322,0.68994,68588
2020.07.01,00:00:00,0.68994,0.69432,0.68766,0.69109,66001
2020.07.02,00:00:00,0.69109,0.69519,0.69012,0.69185,69398
2020.07.03,00:00:00,0.69189,0.69472,0.69133,0.6934,44605
2020.07.05,00:00:00,0.69285,0.69495,0.69282,0.69477,2254
2020.07.06,00:00:00,0.69476,0.69873,0.69461,0.69742,49384
2020.07.07,00:00:00,0.69744,0.69972,0.69217,0.69415,62677
2020.07.08,00:00:00,0.69417,0.69879,0.69269,0.69851,62355
2020.07.09,00:00:00,0.69852,0.70007,0.69496,0.69594,75823
2020.07.10,00:00:00,0.69595,0.69689,0.69233,0.69479,58642
2020.07.12,00:00:00,0.69486,0.6959,0.6948,0.69489,2996
2020.07.13,00:00:00,0.6949,0.69927,0.69355,0.69358,57732
2020.07.14,00:00:00,0.6936,0.69933,0.69209,0.69876,83413
2020.07.15,00:00:00,0.69876,0.70373,0.69851,0.70078,66467
2020.07.16,00:00:00,0.70078,0.70124,0.69628,0.6975,66515
2020.07.17,00:00:00,0.69754,0.70046,0.69732,0.69936,38620
2020.07.19,00:00:00,0.69849,0.70036,0.69843,0.70025,2056
2020.07.20,00:00:00,0.70029,0.70253,0.69725,0.70213,44244
2020.07.21,00:00:00,0.70214,0.71465,0.70152,0.71377,64567
2020.07.22,00:00:00,0.71378,0.71827,0.71114,0.71362,75597
2020.07.23,00:00:00,0.71363,0.71615,0.70902,0.70983,79060
2020.07.24,00:00:00,0.70982,0.71249,0.70637,0.7104,73002
2020.07.26,00:00:00,0.70873,0.71074,0.70864,0.70961,4487
2020.07.27,00:00:00,0.70964,0.71597,0.70961,0.7158,65300
2020.07.28,00:00:00,0.7158,0.71765,0.71125,0.71578,67484
2020.07.29,00:00:00,0.7158,0.71966,0.71491,0.71714,65729
2020.07.30,00:00:00,0.71714,0.72045,0.71202,0.72016,71996
2020.07.31,00:00:00,0.72016,0.72268,0.71329,0.71418,77596
2020.08.02,00:00:00,0.71292,0.71493,0.71288,0.71446,4871
2020.08.03,00:00:00,0.71447,0.71494,0.70759,0.71159,56591
2020.08.04,00:00:00,0.71157,0.71765,0.71055,0.71758,59565
2020.08.05,00:00:00,0.71757,0.72409,0.71653,0.71973,55725
2020.08.06,00:00:00,0.71974,0.7239,0.71737,0.7231,69045
2020.08.07,00:00:00,0.72314,0.72429,0.71443,0.71558,65126
2020.08.09,00:00:00,0.71597,0.71636,0.71469,0.71553,4417
2020.08.10,00:00:00,0.71553,0.71837,0.71397,0.71548,40329
2020.08.11,00:00:00,0.71548,0.71894,0.71345,0.71446,59921
2020.08.12,00:00:00,0.71446,0.71754,0.71093,0.71639,59785
2020.08.13,00:00:00,0.7164,0.71875,0.71353,0.71472,51863
2020.08.14,00:00:00,0.71475,0.71749,0.71316,0.71697,37700
2020.08.16,00:00:00,0.71646,0.71934,0.71627,0.7192,2546
2020.08.17,00:00:00,0.71921,0.7227,0.71704,0.72136,34385
2020.08.18,00:00:00,0.72136,0.72642,0.72086,0.72542,51156
2020.08.19,00:00:00,0.72542,0.72753,0.71789,0.71863,53485
2020.08.20,00:00:00,0.71865,0.72078,0.71353,0.72033,56207
2020.08.21,00:00:00,0.72033,0.72155,0.71391,0.71598,51043
2020.08.23,00:00:00,0.71658,0.71693,0.71414,0.71591,2189
2020.08.24,00:00:00,0.71592,0.72037,0.71522,0.71688,42762
2020.08.25,00:00:00,0.7169,0.72067,0.71498,0.71974,45965
2020.08.26,00:00:00,0.71973,0.72454,0.71868,0.72443,44332
2020.08.27,00:00:00,0.72445,0.72902,0.72163,0.72689,79744
2020.08.28,00:00:00,0.7269,0.73663,0.72552,0.73639,68114
2020.08.30,00:00:00,0.73582,0.73717,0.73575,0.73697,2811
2020.08.31,00:00:00,0.73697,0.74028,0.73397,0.73769,54597
2020.09.01,00:00:00,0.73771,0.74132,0.73588,0.73765,82779
2020.09.02,00:00:00,0.73765,0.73798,0.7301,0.73275,65080
2020.09.03,00:00:00,0.73275,0.73324,0.7251,0.72535,85059
2020.09.04,00:00:00,0.72534,0.72983,0.72218,0.72804,82204
2020.09.06,00:00:00,0.7285,0.72908,0.72728,0.72804,5106
2020.09.07,00:00:00,0.72803,0.72978,0.72697,0.72798,39329
2020.09.08,00:00:00,0.72799,0.73085,0.71918,0.7209,79105
2020.09.09,00:00:00,0.7209,0.72876,0.72054,0.72748,64129
2020.09.10,00:00:00,0.72749,0.73241,0.72471,0.7261,74749
2020.09.11,00:00:00,0.72611,0.73056,0.72583,0.72817,53035
2020.09.13,00:00:00,0.72767,0.72887,0.72749,0.72816,2602
2020.09.14,00:00:00,0.72815,0.73032,0.7264,0.72827,40130
2020.09.15,00:00:00,0.72832,0.73422,0.72664,0.72951,45800
2020.09.16,00:00:00,0.72949,0.73448,0.72781,0.72963,66121
2020.09.17,00:00:00,0.72962,0.73188,0.72537,0.7313,82714
2020.09.18,00:00:00,0.73131,0.73337,0.72821,0.72852,57001
2020.09.20,00:00:00,0.72865,0.72979,0.72858,0.72933,2909
2020.09.21,00:00:00,0.72933,0.73237,0.71988,0.72281,72816
2020.09.22,00:00:00,0.72281,0.72349,0.71539,0.7172,72343
2020.09.23,00:00:00,0.7172,0.71742,0.70594,0.70638,77651
2020.09.24,00:00:00,0.70638,0.70806,0.70155,0.70544,83581
2020.09.25,00:00:00,0.70544,0.70864,0.70052,0.70249,64356
2020.09.27,00:00:00,0.70283,0.70445,0.70283,0.70394,2012
2020.09.28,00:00:00,0.70394,0.7096,0.70321,0.70932,56767
2020.09.29,00:00:00,0.70934,0.71453,0.70738,0.7145,55772
2020.09.30,00:00:00,0.71449,0.71748,0.70999,0.71644,78707
2020.10.01,00:00:00,0.71644,0.72086,0.71543,0.71805,76368
2020.10.02,00:00:00,0.71804,0.71845,0.71304,0.71585,88822
2020.10.04,00:00:00,0.71659,0.71743,0.71561,0.71728,2590
2020.10.05,00:00:00,0.71729,0.71942,0.71622,0.71927,45525
2020.10.06,00:00:00,0.71928,0.72083,0.70952,0.71087,72748
2020.10.07,00:00:00,0.71087,0.71511,0.7098,0.71354,52821
2020.10.08,00:00:00,0.71354,0.71756,0.71227,0.71747,43817
2020.10.09,00:00:00,0.71744,0.72425,0.71678,0.72396,42417
2020.10.11,00:00:00,0.72192,0.72335,0.72192,0.72242,2873
2020.10.12,00:00:00,0.72242,0.72345,0.72021,0.72083,38987
2020.10.13,00:00:00,0.72085,0.72085,0.71497,0.71637,63272
2020.10.14,00:00:00,0.71638,0.71902,0.7128,0.71406,59601
2020.10.15,00:00:00,0.71407,0.71482,0.70556,0.70874,68431
2020.10.16,00:00:00,0.70874,0.7096,0.70702,0.70763,51169
2020.10.18,00:00:00,0.70786,0.70948,0.707,0.70928,2298
2020.10.19,00:00:00,0.70928,0.71143,0.70455,0.70534,49855
2020.10.20,00:00:00,0.70535,0.70721,0.70204,0.70498,50450
2020.10.21,00:00:00,0.70494,0.71364,0.70494,0.71038,58010
2020.10.22,00:00:00,0.71039,0.71389,0.70847,0.71268,54344
2020.10.23,00:00:00,0.71267,0.71577,0.71007,0.71349,48137
2020.10.25,00:00:00,0.71328,0.71415,0.71152,0.71309,4726
2020.10.26,00:00:00,0.71309,0.7146,0.71024,0.71164,57211
2020.10.27,00:00:00,0.71164,0.71466,0.71127,0.71225,50376
2020.10.28,00:00:00,0.71225,0.71569,0.70378,0.70545,72085
2020.10.29,00:00:00,0.70545,0.70756,0.7002,0.70372,75812
2020.10.30,00:00:00,0.7037,0.70718,0.70111,0.7026,79861
2020.11.01,00:00:00,0.70237,0.70246,0.69965,0.70071,3780
2020.11.02,00:00:00,0.7007,0.70571,0.69904,0.70525,64477
2020.11.03,00:00:00,0.70531,0.72046,0.70275,0.71962,60449
2020.11.04,00:00:00,0.71962,0.72216,0.70481,0.71796,157198
2020.11.05,00:00:00,0.71793,0.72889,0.71445,0.72616,102304
2020.11.06,00:00:00,0.72617,0.7287,0.72386,0.72558,85141
2020.11.08,00:00:00,0.72782,0.72895,0.72709,0.72857,4317
2020.11.09,00:00:00,0.72858,0.73396,0.72663,0.72787,121150
2020.11.10,00:00:00,0.72786,0.72939,0.72522,0.72813,99950
2020.11.11,00:00:00,0.72811,0.73178,0.72597,0.72833,64259
2020.11.12,00:00:00,0.72834,0.72933,0.7223,0.72393,65017
2020.11.13,00:00:00,0.72397,0.72728,0.72211,0.72663,46339
2020.11.15,00:00:00,0.72652,0.72962,0.72632,0.72892,3694
2020.11.16,00:00:00,0.72893,0.73261,0.72802,0.73193,57432
2020.11.17,00:00:00,0.73192,0.73394,0.72875,0.72958,51530
2020.11.18,00:00:00,0.72958,0.73303,0.72714,0.72962,55402
2020.11.19,00:00:00,0.72961,0.72995,0.7254,0.72674,60566
2020.11.20,00:00:00,0.72675,0.73236,0.72675,0.73004,52246
2020.11.22,00:00:00,0.73006,0.73146,0.72985,0.73125,2666
2020.11.23,00:00:00,0.73123,0.73371,0.72649,0.72943,50528
2020.11.24,00:00:00,0.72942,0.73672,0.72907,0.73659,53187
2020.11.25,00:00:00,0.73661,0.73732,0.73246,0.73633,54063
2020.11.26,00:00:00,0.73633,0.7374,0.73521,0.7356,32209
2020.11.27,00:00:00,0.73565,0.73986,0.73523,0.73778,41325
2020.11.29,00:00:00,0.73853,0.74041,0.73826,0.74005,1828
2020.11.30,00:00:00,0.74005,0.7407,0.73388,0.73584,57171
2020.12.01,00:00:00,0.73586,0.73831,0.73413,0.738,52298
2020.12.02,00:00:00,0.738,0.74195,0.73509,0.74142,53844
2020.12.03,00:00:00,0.74141,0.74492,0.73975,0.74359,50828
2020.12.04,00:00:00,0.74358,0.74435,0.74098,0.74229,54449
2020.12.06,00:00:00,0.7431,0.7436,0.74272,0.74298,3043
2020.12.07,00:00:00,0.74298,0.74532,0.7372,0.74149,50990
2020.12.08,00:00:00,0.74151,0.7435,0.73989,0.74088,49173
2020.12.09,00:00:00,0.74084,0.74847,0.74072,0.74332,51893
2020.12.10,00:00:00,0.74333,0.75395,0.74331,0.75228,62911
2020.12.11,00:00:00,0.75231,0.75714,0.75198,0.75305,53183
2020.12.13,00:00:00,0.75489,0.75584,0.75471,0.75494,2203
2020.12.14,00:00:00,0.75493,0.75777,0.7524,0.75346,49030
2020.12.15,00:00:00,0.75348,0.75712,0.75069,0.75572,45059
2020.12.16,00:00:00,0.75571,0.75784,0.75384,0.75692,52250
2020.12.17,00:00:00,0.75692,0.76393,0.75667,0.76139,42419
2020.12.18,00:00:00,0.76138,0.76244,0.75824,0.76193,44335
2020.12.20,00:00:00,0.75851,0.76058,0.75843,0.75868,2924
2020.12.21,00:00:00,0.75868,0.76016,0.74617,0.75753,90862
2020.12.22,00:00:00,0.75752,0.75832,0.75165,0.75536,65903
2020.12.23,00:00:00,0.7553,0.75912,0.75235,0.75822,55382
2020.12.24,00:00:00,0.75822,0.76063,0.75778,0.75919,47647
2020.12.25,00:00:00,0.75919,0.76066,0.7576,0.7604,3977
2020.12.27,00:00:00,0.75998,0.76122,0.75838,0.761,2278
2020.12.28,00:00:00,0.76101,0.76221,0.75568,0.75871,43437
2020.12.29,00:00:00,0.75874,0.76244,0.75837,0.76097,44823
2020.12.30,00:00:00,0.76097,0.76903,0.76061,0.76874,44556
2020.12.31,00:00:00,0.76877,0.77418,0.76856,0.76928,44043
2021.01.03,00:00:00,0.77027,0.77139,0.76896,0.77109,4121
2021.01.04,00:00:00,0.77109,0.77403,0.76419,0.76692,78709
2021.01.05,00:00:00,0.76692,0.77773,0.76605,0.77618,80277
2021.01.06,00:00:00,0.77621,0.78198,0.77327,0.78152,121216
2021.01.07,00:00:00,0.78152,0.7816,0.77252,0.77682,86631
2021.01.08,00:00:00,0.77683,0.77985,0.7728,0.77591,106750
2021.01.10,00:00:00,0.7755,0.776,0.77115,0.77202,4515
2021.01.11,00:00:00,0.7721,0.77305,0.76658,0.77068,83411
2021.01.12,00:00:00,0.77067,0.77771,0.76864,0.77752,73981
2021.01.13,00:00:00,0.77752,0.7781,0.77212,0.77461,66619
2021.01.14,00:00:00,0.77462,0.78051,0.77281,0.77752,71098
2021.01.15,00:00:00,0.77751,0.77883,0.76811,0.7698,74138
2021.01.17,00:00:00,0.77076,0.77102,0.76826,0.76828,3246
2021.01.18,00:00:00,0.7683,0.77039,0.76585,0.76846,61417
2021.01.19,00:00:00,0.76846,0.77248,0.76842,0.77131,61131
2021.01.20,00:00:00,0.77132,0.7763,0.77,0.77544,62227
2021.01.21,00:00:00,0.77544,0.7782,0.77411,0.77593,64635
2021.01.22,00:00:00,0.77594,0.77686,0.77016,0.77117,67279
2021.01.24,00:00:00,0.77158,0.77206,0.77053,0.7713,2989
2021.01.25,00:00:00,0.77135,0.7747,0.76824,0.77143,78060
2021.01.26,00:00:00,0.77143,0.7754,0.76686,0.77529,64017
2021.01.27,00:00:00,0.77529,0.77635,0.7641,0.76478,108780
2021.01.28,00:00:00,0.76478,0.76975,0.75915,0.76703,114674
2021.01.29,00:00:00,0.76703,0.77036,0.76309,0.76405,124935
2021.01.31,00:00:00,0.76198,0.76302,0.76056,0.76207,6753
2021.02.01,00:00:00,0.76204,0.76623,0.76119,0.76331,94493
2021.02.02,00:00:00,0.7633,0.76611,0.75634,0.76055,81348
2021.02.03,00:00:00,0.76054,0.76367,0.76012,0.76359,65693
2021.02.04,00:00:00,0.76359,0.76474,0.75878,0.75999,63110
2021.02.05,00:00:00,0.75999,0.7678,0.75826,0.76748,59449
2021.02.07,00:00:00,0.76679,0.76813,0.76666,0.7678,3645
2021.02.08,00:00:00,0.76783,0.77145,0.76508,0.77079,45109
2021.02.09,00:00:00,0.77079,0.77426,0.77038,0.77395,52393
2021.02.10,00:00:00,0.77395,0.77557,0.77169,0.77233,63567
2021.02.11,00:00:00,0.77233,0.77712,0.77124,0.77513,44533
2021.02.12,00:00:00,0.77512,0.77642,0.77177,0.77592,37962
2021.02.14,00:00:00,0.77655,0.77674,0.77586,0.77624,3049
2021.02.15,00:00:00,0.77626,0.77884,0.77592,0.7785,31381
2021.02.16,00:00:00,0.77849,0.78049,0.77302,0.7735,59754
2021.02.17,00:00:00,0.77351,0.77716,0.7724,0.77576,64223
2021.02.18,00:00:00,0.77574,0.77893,0.77307,0.77678,65056
2021.02.19,00:00:00,0.77678,0.78766,0.77572,0.78658,62339
2021.02.21,00:00:00,0.78698,0.78916,0.78654,0.7882,3074
2021.02.22,00:00:00,0.78819,0.7929,0.78549,0.79137,70656
2021.02.23,00:00:00,0.79138,0.79344,0.788,0.79067,69350
2021.02.24,00:00:00,0.79067,0.79778,0.78948,0.79752,82457
2021.02.25,00:00:00,0.79751,0.80068,0.78583,0.78622,111602
2021.02.26,00:00:00,0.78622,0.78715,0.76918,0.77034,135275
2021.02.28,00:00:00,0.77107,0.77586,0.77067,0.77521,4004
2021.03.01,00:00:00,0.77523,0.77864,0.77213,0.7773,81316
2021.03.02,00:00:00,0.77729,0.78372,0.77353,0.78238,90177
2021.03.03,00:00:00,0.7824,0.78379,0.7752,0.77525,88955
2021.03.04,00:00:00,0.77526,0.78147,0.77041,0.77139,120233
2021.03.05,00:00:00,0.77134,0.77262,0.76213,0.76815,118953
2021.03.07,00:00:00,0.7691,0.7722,0.769,0.77077,4450
2021.03.08,00:00:00,0.77076,0.77138,0.76358,0.76552,102292
2021.03.09,00:00:00,0.76551,0.77255,0.76211,0.77149,86506
2021.03.10,00:00:00,0.77148,0.77452,0.76681,0.77298,79979
2021.03.11,00:00:00,0.77298,0.77934,0.77228,0.7785,63199
2021.03.12,00:00:00,0.77851,0.78003,0.77239,0.77576,73134
2021.03.14,00:00:00,0.77497,0.77629,0.77466,0.77613,4518
2021.03.15,00:00:00,0.77617,0.77752,0.77054,0.77475,63148
2021.03.16,00:00:00,0.77475,0.77571,0.77101,0.77457,57077
2021.03.17,00:00:00,0.77456,0.78141,0.76987,0.7814,71694
2021.03.18,00:00:00,0.78143,0.78489,0.77489,0.7752,89662
2021.03.19,00:00:00,0.77523,0.77719,0.77172,0.77369,76920
2021.03.21,00:00:00,0.77041,0.77296,0.77023,0.77221,4251
2021.03.22,00:00:00,0.77223,0.77561,0.77044,0.77443,55307
2021.03.23,00:00:00,0.77442,0.77464,0.75988,0.76062,64535
2021.03.24,00:00:00,0.76063,0.7628,0.75779,0.75903,60702
2021.03.25,00:00:00,0.75906,0.76138,0.75627,0.75921,70963
2021.03.26,00:00:00,0.75923,0.76439,0.75873,0.76371,47862
2021.03.28,00:00:00,0.76315,0.76445,0.76299,0.76366,2998
2021.03.29,00:00:00,0.76366,0.76553,0.76147,0.76381,51829
2021.03.30,00:00:00,0.76383,0.76635,0.75844,0.76078,54067
2021.03.31,00:00:00,0.76079,0.76361,0.75878,0.75935,52147
2021.04.01,00:00:00,0.75936,0.76194,0.75315,0.76161,55495
2021.04.02,00:00:00,0.76162,0.76369,0.75925,0.75976,19073
2021.04.04,00:00:00,0.76027,0.76205,0.76019,0.76189,4736
2021.04.05,00:00:00,0.7619,0.766,0.7598,0.7657,30420
2021.04.06,00:00:00,0.76566,0.76679,0.76053,0.76659,46225
2021.04.07,00:00:00,0.76659,0.76765,0.76002,0.76131,54458
2021.04.08,00:00:00,0.76131,0.76599,0.76022,0.76561,44396
2021.04.09,00:00:00,0.76564,0.76606,0.75876,0.76168,46733
2021.04.11,00:00:00,0.76135,0.76274,0.76096,0.7621,2588
2021.04.12,00:00:00,0.7621,0.76351,0.75945,0.76265,42608
2021.04.13,00:00:00,0.76265,0.76527,0.75846,0.76467,52662
2021.04.14,00:00:00,0.76468,0.77374,0.76342,0.77244,51245
2021.04.15,00:00:00,0.77243,0.77606,0.77051,0.77507,53380
2021.04.16,00:00:00,0.77507,0.77588,0.77237,0.77327,42289
2021.04.18,00:00:00,0.77269,0.77315,0.77127,0.77127,2270
2021.04.19,00:00:00,0.77129,0.77841,0.77056,0.77641,50508
2021.04.20,00:00:00,0.77643,0.78155,0.77088,0.77218,56816
2021.04.21,00:00:00,0.7722,0.7762,0.76991,0.77536,52585
2021.04.22,00:00:00,0.77536,0.77642,0.76902,0.77037,61077
2021.04.23,00:00:00,0.77039,0.776,0.76998,0.77438,44334
2021.04.25,00:00:00,0.77382,0.77523,0.77382,0.7742,2340
2021.04.26,00:00:00,0.77421,0.78148,0.77414,0.77964,46940
2021.04.27,00:00:00,0.77962,0.78034,0.77612,0.77671,43221
2021.04.28,00:00:00,0.7767,0.78057,0.77247,0.78006,55401
2021.04.29,00:00:00,0.78005,0.78175,0.77499,0.77768,52238
2021.04.30,00:00:00,0.77768,0.77838,0.76955,0.77067,51834
2021.05.02,00:00:00,0.77197,0.77214,0.77123,0.77197,1692
2021.05.03,00:00:00,0.77199,0.77664,0.77058,0.77578,41927
2021.05.04,00:00:00,0.77581,0.77605,0.76747,0.77128,60822
2021.05.05,00:00:00,0.77128,0.77545,0.77036,0.77506,43845
2021.05.06,00:00:00,0.77505,0.77879,0.77006,0.77867,55878
2021.05.07,00:00:00,0.77864,0.78621,0.77606,0.78412,56648
2021.05.09,00:00:00,0.78574,0.78619,0.78447,0.78579,2403
2021.05.10,00:00:00,0.78579,0.78905,0.78264,0.78401,52498
2021.05.11,00:00:00,0.78402,0.78563,0.78197,0.78371,65892
2021.05.12,00:00:00,0.78375,0.78419,0.77189,0.7732,82074
2021.05.13,00:00:00,0.7732,0.77458,0.76879,0.77234,75652
2021.05.14,00:00:00,0.77237,0.7787,0.77137,0.77756,55365
2021.05.16,00:00:00,0.77687,0.77833,0.77672,0.7778,2135
2021.05.17,00:00:00,0.77778,0.77781,0.773,0.7773,50724
2021.05.18,00:00:00,0.7773,0.78132,0.77674,0.77873,47866
2021.05.19,00:00:00,0.77875,0.77972,0.77104,0.77195,81394
2021.05.20,00:00:00,0.77196,0.77811,0.7716,0.7769,50944
2021.05.21,00:00:00,0.77689,0.77823,0.77186,0.77254,47677
2021.05.23,00:00:00,0.77278,0.77315,0.77227,0.77248,1984
2021.05.24,00:00:00,0.77245,0.77573,0.77056,0.77503,38221
2021.05.25,00:00:00,0.77502,0.77759,0.77326,0.77497,47258
2021.05.26,00:00:00,0.77495,0.77955,0.77306,0.77392,50985
2021.05.27,00:00:00,0.7739,0.77571,0.77226,0.7742,47557
2021.05.28,00:00:00,0.7742,0.77468,0.76769,0.77078,45391
2021.05.30,00:00:00,0.77084,0.77147,0.77046,0.77075,1484
2021.05.31,00:00:00,0.77077,0.7746,0.77001,0.7743,36269
2021.06.01,00:00:00,0.77434,0.77689,0.77304,0.77553,45642
2021.06.02,00:00:00,0.77554,0.77728,0.77148,0.77436,38105
2021.06.03,00:00:00,0.77438,0.77534,0.7645,0.76614,49853
2021.06.04,00:00:00,0.76616,0.77448,0.76507,0.77383,43792
2021.06.06,00:00:00,0.77322,0.77444,0.77222,0.77408,985
2021.06.07,00:00:00,0.77408,0.77653,0.77262,0.77559,32325
2021.06.08,00:00:00,0.77557,0.77632,0.77312,0.77365,35387
2021.06.09,00:00:00,0.77364,0.77618,0.77238,0.77289,31781
2021.06.10,00:00:00,0.77288,0.77631,0.77169,0.77469,51458
2021.06.11,00:00:00,0.77472,0.77753,0.76879,0.77019,39504
2021.06.13,00:00:00,0.77036,0.77095,0.77036,0.77072,897
2021.06.14,00:00:00,0.77073,0.77255,0.76934,0.77113,32942
2021.06.15,00:00:00,0.77114,0.77163,0.76737,0.76852,42938
2021.06.16,00:00:00,0.76855,0.77152,0.76043,0.76144,69020
2021.06.17,00:00:00,0.76143,0.76452,0.75392,0.75564,79627
2021.06.18,00:00:00,0.75563,0.75606,0.74761,0.74762,80601
2021.06.20,00:00:00,0.74834,0.75051,0.74796,0.7501,3341
2021.06.21,00:00:00,0.75008,0.75457,0.74771,0.75342,73105
2021.06.22,00:00:00,0.75342,0.7564,0.74936,0.75537,53085
2021.06.23,00:00:00,0.75537,0.75986,0.75374,0.75727,53684
2021.06.24,00:00:00,0.75729,0.75911,0.75651,0.75813,50345
2021.06.25,00:00:00,0.75813,0.76162,0.75792,0.75895,45288
2021.06.27,00:00:00,0.75738,0.7595,0.75735,0.75941,2418
2021.06.28,00:00:00,0.7594,0.76013,0.75541,0.75677,44013
2021.06.29,00:00:00,0.75678,0.75702,0.75071,0.75129,46271
2021.06.30,00:00:00,0.75131,0.75267,0.74914,0.7497,47271
2021.07.01,00:00:00,0.7497,0.75074,0.74599,0.7465,49279
2021.07.02,00:00:00,0.7465,0.75326,0.74441,0.75218,52591
2021.07.04,00:00:00,0.75204,0.75287,0.75171,0.75176,2469
2021.07.05,00:00:00,0.75176,0.75472,0.75084,0.754,39561
2021.07.06,00:00:00,0.75401,0.75985,0.74803,0.74942,64147
2021.07.07,00:00:00,0.74943,0.75335,0.74623,0.74829,57564
2021.07.08,00:00:00,0.74828,0.74835,0.7416,0.74325,90930
2021.07.09,00:00:00,0.74327,0.74937,0.74093,0.74904,66128
2021.07.11,00:00:00,0.74779,0.74926,0.74776,0.74891,2730
2021.07.12,00:00:00,0.7489,0.74956,0.74478,0.74772,55261
2021.07.13,00:00:00,0.74773,0.75026,0.74258,0.74393,64605
2021.07.14,00:00:00,0.7439,0.74871,0.74306,0.74802,71702
2021.07.15,00:00:00,0.74802,0.74843,0.74099,0.74222,64774
2021.07.16,00:00:00,0.74225,0.74423,0.73917,0.7393,51779
2021.07.18,00:00:00,0.73991,0.74082,0.73848,0.73877,3118
2021.07.19,00:00:00,0.73878,0.73888,0.73213,0.73367,79561
2021.07.20,00:00:00,0.73366,0.73567,0.72993,0.73381,66243
2021.07.21,00:00:00,0.73381,0.73622,0.7289,0.73512,50030
2021.07.22,00:00:00,0.73511,0.7399,0.73417,0.73799,55275
2021.07.23,00:00:00,0.738,0.73895,0.73565,0.73624,41406
2021.07.25,00:00:00,0.73624,0.73721,0.73552,0.73674,1513
2021.07.26,00:00:00,0.73676,0.73902,0.73301,0.73835,49116
2021.07.27,00:00:00,0.73835,0.73883,0.73367,0.73656,58934
2021.07.28,00:00:00,0.73656,0.7381,0.73164,0.73764,73047
2021.07.29,00:00:00,0.73764,0.74131,0.73589,0.73955,47762
2021.07.30,00:00:00,0.73953,0.74041,0.73306,0.73415,54350
2021.08.01,00:00:00,0.73323,0.73457,0.73323,0.73411,1975
2021.08.02,00:00:00,0.73414,0.73817,0.73286,0.73598,45229
2021.08.03,00:00:00,0.73599,0.74079,0.73569,0.73961,51547
2021.08.04,00:00:00,0.73959,0.74263,0.73696,0.73818,42174
2021.08.05,00:00:00,0.73818,0.74155,0.73762,0.74024,37706
2021.08.06,00:00:00,0.74024,0.74041,0.7346,0.73518,41233
2021.08.08,00:00:00,0.7351,0.7357,0.73297,0.73346,4775
2021.08.09,00:00:00,0.73347,0.73634,0.73275,0.73294,38361
2021.08.10,00:00:00,0.73294,0.73556,0.73155,0.73432,34795
2021.08.11,00:00:00,0.73434,0.73888,0.73228,0.737,38243
2021.08.12,00:00:00,0.737,0.73728,0.73315,0.73406,29995
2021.08.13,00:00:00,0.73407,0.73809,0.73328,0.73677,24026
2021.08.15,00:00:00,0.73614,0.73725,0.73614,0.73648,1588
2021.08.16,00:00:00,0.73649,0.73672,0.73189,0.73386,31629
2021.08.17,00:00:00,0.73386,0.73386,0.72421,0.72548,48711
2021.08.18,00:00:00,0.72546,0.7269,0.72282,0.72304,47497
2021.08.19,00:00:00,0.72304,0.72344,0.71419,0.71458,64989
2021.08.20,00:00:00,0.71457,0.71559,0.71056,0.71347,50914
2021.08.22,00:00:00,0.71213,0.71408,0.711,0.71378,3483
2021.08.23,00:00:00,0.71379,0.72175,0.71379,0.72081,40114
2021.08.24,00:00:00,0.7208,0.72706,0.72003,0.72481,36410
2021.08.25,00:00:00,0.72483,0.728,0.72367,0.72759,36692
2021.08.26,00:00:00,0.72761,0.72792,0.72338,0.72378,41986
2021.08.27,00:00:00,0.72378,0.73164,0.72216,0.73089,45468
2021.08.29,00:00:00,0.73029,0.73157,0.73029,0.7315,1877
2021.08.30,00:00:00,0.73149,0.73181,0.7284,0.72894,28981
2021.08.31,00:00:00,0.72896,0.73409,0.72876,0.73173,50403
2021.09.01,00:00:00,0.73174,0.73835,0.73075,0.73654,42896
2021.09.02,00:00:00,0.73654,0.74091,0.73554,0.7397,36356
2021.09.03,00:00:00,0.73971,0.74775,0.73949,0.7447,46808
2021.09.05,00:00:00,0.74531,0.74544,0.74424,0.74425,1786
2021.09.06,00:00:00,0.74425,0.74433,0.74259,0.74358,51634
2021.09.07,00:00:00,0.74357,0.7468,0.73743,0.73859,53241
2021.09.08,00:00:00,0.73861,0.74036,0.73446,0.73607,54879
2021.09.09,00:00:00,0.73607,0.73938,0.73465,0.73672,55903
2021.09.10,00:00:00,0.73674,0.74093,0.73477,0.73512,45366
2021.09.12,00:00:00,0.73473,0.73678,0.73473,0.7365,1891
2021.09.13,00:00:00,0.73648,0.73753,0.73356,0.73652,48581
2021.09.14,00:00:00,0.73652,0.73729,0.73129,0.73163,57451
2021.09.15,00:00:00,0.73164,0.73436,0.73007,0.73408,49567
2021.09.16,00:00:00,0.73407,0.73468,0.72736,0.72909,50891
2021.09.17,00:00:00,0.72909,0.73212,0.72612,0.72613,51162
2021.09.19,00:00:00,0.72616,0.72668,0.72589,0.7263,1700
2021.09.20,00:00:00,0.7263,0.72679,0.72196,0.7259,71278
2021.09.21,00:00:00,0.72591,0.72826,0.72212,0.72279,64980
2021.09.22,00:00:00,0.72278,0.7296,0.72233,0.72318,83861
2021.09.23,00:00:00,0.72319,0.7315,0.72224,0.72962,57340
2021.09.24,00:00:00,0.72962,0.73161,0.72356,0.72577,50633
2021.09.26,00:00:00,0.72525,0.72678,0.72505,0.72645,1740
2021.09.27,00:00:00,0.72646,0.72934,0.72491,0.72799,52419
2021.09.28,00:00:00,0.72797,0.73106,0.7225,0.72435,83941
2021.09.29,00:00:00,0.72431,0.72638,0.717,0.71782,70487
2021.09.30,00:00:00,0.7178,0.7257,0.71766,0.72282,79005
2021.10.01,00:00:00,0.72282,0.7276,0.71916,0.72598,85885
2021.10.03,00:00:00,0.72568,0.72823,0.72563,0.72742,3706
2021.10.04,00:00:00,0.72741,0.73037,0.72508,0.72888,75083
2021.10.05,00:00:00,0.72886,0.73006,0.72484,0.72875,61767
2021.10.06,00:00:00,0.72874,0.72915,0.72254,0.72819,84280
2021.10.07,00:00:00,0.72816,0.73238,0.72701,0.73162,55089
2021.10.08,00:00:00,0.73159,0.73377,0.72877,0.73052,69820
2021.10.10,00:00:00,0.73047,0.7312,0.72917,0.72939,2804
2021.10.11,00:00:00,0.7294,0.73725,0.72934,0.73478,54754
2021.10.12,00:00:00,0.73476,0.73841,0.73318,0.73328,62455
2021.10.13,00:00:00,0.73329,0.7383,0.7323,0.73825,60972
2021.10.14,00:00:00,0.73825,0.74262,0.73714,0.74131,45830
2021.10.15,00:00:00,0.74131,0.74396,0.7403,0.74174,46637
2021.10.17,00:00:00,0.74146,0.7437,0.74125,0.74237,4665
2021.10.18,00:00:00,0.74238,0.74251,0.73781,0.74148,49887
2021.10.19,00:00:00,0.74149,0.74851,0.74144,0.74744,50483
2021.10.20,00:00:00,0.74743,0.75222,0.74647,0.75146,49864
2021.10.21,00:00:00,0.75145,0.7546,0.7458,0.74628,53699
2021.10.22,00:00:00,0.7463,0.75118,0.74533,0.74631,61369
2021.10.24,00:00:00,0.74647,0.7471,0.7462,0.74682,2238
2021.10.25,00:00:00,0.74679,0.75048,0.74641,0.74912,46982
2021.10.26,00:00:00,0.74912,0.7525,0.74888,0.75119,47861
2021.10.27,00:00:00,0.75119,0.75356,0.74868,0.74995,60380
2021.10.28,00:00:00,0.74996,0.7555,0.74793,0.75305,70226
2021.10.29,00:00:00,0.75305,0.75548,0.74998,0.75191,64303
2021.10.31,00:00:00,0.75059,0.75203,0.75059,0.75173,2191
2021.11.01,00:00:00,0.75172,0.75357,0.74857,0.75199,43917
2021.11.02,00:00:00,0.752,0.75315,0.74198,0.74354,53802
2021.11.03,00:00:00,0.74353,0.74691,0.74119,0.74684,64646
2021.11.04,00:00:00,0.74683,0.74701,0.73824,0.74078,52760
2021.11.05,00:00:00,0.74077,0.74117,0.73595,0.73979,54856
2021.11.07,00:00:00,0.73911,0.74036,0.7391,0.73947,2232
2021.11.08,00:00:00,0.73948,0.74307,0.73838,0.7414,38170
2021.11.09,00:00:00,0.74142,0.74312,0.73603,0.73754,53206
2021.11.10,00:00:00,0.73754,0.73929,0.73225,0.73333,65691
2021.11.11,00:00:00,0.73332,0.73406,0.72859,0.729,50500
2021.11.12,00:00:00,0.729,0.73347,0.72761,0.73282,42193
2021.11.14,00:00:00,0.73217,0.73359,0.73217,0.73316,1385
2021.11.15,00:00:00,0.73313,0.73702,0.73228,0.73447,40662
2021.11.16,00:00:00,0.73447,0.73676,0.72917,0.73006,51388
2021.11.17,00:00:00,0.73006,0.73044,0.72582,0.72676,50997
2021.11.18,00:00:00,0.72676,0.72926,0.72491,0.72759,46816
2021.11.19,00:00:00,0.72759,0.72909,0.72264,0.72298,60121
2021.11.21,00:00:00,0.72344,0.72352,0.72281,0.72306,1816
2021.11.22,00:00:00,0.72305,0.72729,0.72202,0.72268,58700
2021.11.23,00:00:00,0.72268,0.72359,0.72064,0.72212,64224
2021.11.24,00:00:00,0.72213,0.72271,0.71835,0.72011,65291
2021.11.25,00:00:00,0.72009,0.72088,0.71725,0.71727,48413
2021.11.26,00:00:00,0.71727,0.71772,0.71106,0.7113,97088
2021.11.28,00:00:00,0.71353,0.71446,0.71142,0.71421,3807
2021.11.29,00:00:00,0.71418,0.71591,0.71132,0.71449,64992
2021.11.30,00:00:00,0.7145,0.71702,0.70624,0.71242,106526
2021.12.01,00:00:00,0.71245,0.71727,0.70943,0.71068,79711
2021.12.02,00:00:00,0.71068,0.71192,0.70835,0.7087,85734
2021.12.03,00:00:00,0.70867,0.70897,0.69926,0.69951,85659
2021.12.05,00:00:00,0.69978,0.70199,0.69978,0.70167,2369
2021.12.06,00:00:00,0.70168,0.70541,0.7006,0.70483,58833
2021.12.07,00:00:00,0.70482,0.71239,0.70391,0.71217,53391
2021.12.08,00:00:00,0.7122,0.71833,0.71166,0.71682,66368
2021.12.09,00:00:00,0.71681,0.71864,0.71353,0.71458,43989
2021.12.10,00:00:00,0.71458,0.71819,0.71316,0.71671,46847
2021.12.12,00:00:00,0.71584,0.71718,0.71574,0.7165,2162
2021.12.13,00:00:00,0.71649,0.71757,0.71101,0.71306,41877
2021.12.14,00:00:00,0.71306,0.71351,0.70895,0.71033,45358
2021.12.15,00:00:00,0.71035,0.71771,0.70915,0.71659,68335
2021.12.16,00:00:00,0.7166,0.72233,0.7145,0.71749,66936
2021.12.17,00:00:00,0.71748,0.71814,0.71217,0.71217,58007
2021.12.19,00:00:00,0.71271,0.71323,0.71086,0.71159,2300
2021.12.20,00:00:00,0.7116,0.71272,0.70817,0.71088,62725
2021.12.21,00:00:00,0.71088,0.71557,0.70981,0.71471,40140
2021.12.22,00:00:00,0.7147,0.72198,0.71202,0.72115,37908
2021.12.23,00:00:00,0.72113,0.72513,0.71956,0.72315,32982
2021.12.24,00:00:00,0.72316,0.72434,0.72129,0.72159,48343
2021.12.26,00:00:00,0.72255,0.72373,0.72181,0.72291,1082
2021.12.27,00:00:00,0.72291,0.72443,0.72051,0.7235,21828
2021.12.28,00:00:00,0.72353,0.72634,0.72183,0.72317,24386
2021.12.29,00:00:00,0.72317,0.7272,0.72126,0.72578,32633
2021.12.30,00:00:00,0.72577,0.72753,0.7243,0.72489,29045
2021.12.31,00:00:00,0.72488,0.7277,0.72438,0.72641,29502
2022.01.02,00:00:00,0.72538,0.72749,0.72538,0.72671,971
2022.01.03,00:00:00,0.72669,0.72766,0.71837,0.7195,33965
2022.01.04,00:00:00,0.71954,0.72483,0.71846,0.72382,37316
2022.01.05,00:00:00,0.72381,0.72719,0.72138,0.72201,47361
2022.01.06,00:00:00,0.72201,0.72205,0.71455,0.71619,53330
2022.01.07,00:00:00,0.71617,0.71873,0.71293,0.71776,42943
2022.01.09,00:00:00,0.71724,0.71841,0.71703,0.71778,1791
2022.01.10,00:00:00,0.71777,0.72021,0.71483,0.71794,47477
2022.01.11,00:00:00,0.71797,0.72141,0.71544,0.72093,46107
2022.01.12,00:00:00,0.72092,0.72922,0.71998,0.72813,46977
2022.01.13,00:00:00,0.72813,0.73138,0.72731,0.72805,47109
2022.01.14,00:00:00,0.72805,0.72931,0.71977,0.72094,59810
2022.01.16,00:00:00,0.72147,0.72234,0.7207,0.72153,1894
2022.01.17,00:00:00,0.72153,0.7229,0.7195,0.72108,35993
2022.01.18,00:00:00,0.72108,0.72274,0.71696,0.71865,67103
2022.01.19,00:00:00,0.71869,0.72376,0.71765,0.72155,61620
2022.01.20,00:00:00,0.72155,0.7276,0.72041,0.72158,60073
2022.01.21,00:00:00,0.72159,0.72182,0.71711,0.71721,83547
2022.01.23,00:00:00,0.71708,0.71872,0.71708,0.71868,2173
2022.01.24,00:00:00,0.71869,0.7187,0.70901,0.71533,91402
2022.01.25,00:00:00,0.71535,0.7176,0.71209,0.7158,92528
2022.01.26,00:00:00,0.71578,0.71809,0.70951,0.71208,89754
2022.01.27,00:00:00,0.71207,0.71209,0.70233,0.70345,97234
2022.01.28,00:00:00,0.70349,0.70454,0.69669,0.69917,93439
2022.01.30,00:00:00,0.69893,0.6997,0.69866,0.69959,2357
2022.01.31,00:00:00,0.69959,0.70762,0.69915,0.70675,62564
2022.02.01,00:00:00,0.70674,0.7139,0.70329,0.71332,67648
2022.02.02,00:00:00,0.71331,0.71587,0.71177,0.71201,56148
2022.02.03,00:00:00,0.71201,0.71678,0.71093,0.71417,71780
2022.02.04,00:00:00,0.71418,0.7151,0.70512,0.70724,72015
2022.02.06,00:00:00,0.70764,0.70854,0.70746,0.70791,1969
2022.02.07,00:00:00,0.70794,0.71299,0.70648,0.71265,60791
2022.02.08,00:00:00,0.71267,0.7147,0.71062,0.71446,51947
2022.02.09,00:00:00,0.71446,0.71941,0.71413,0.71765,42029
2022.02.10,00:00:00,0.71767,0.72483,0.71467,0.71609,83080
2022.02.11,00:00:00,0.7161,0.71848,0.71081,0.71318,105110
2022.02.13,00:00:00,0.7126,0.71499,0.71254,0.71439,3814
2022.02.14,00:00:00,0.71436,0.71461,0.70857,0.71314,105094
2022.02.15,00:00:00,0.71313,0.71561,0.71012,0.71477,73426
2022.02.16,00:00:00,0.71475,0.72075,0.7143,0.7192,66672
2022.02.17,00:00:00,0.71919,0.72171,0.7149,0.71866,96565
2022.02.18,00:00:00,0.71865,0.72275,0.71643,0.71711,75807
2022.02.20,00:00:00,0.71694,0.7178,0.71664,0.71712,2574
2022.02.21,00:00:00,0.71715,0.72223,0.71669,0.71834,71772
2022.02.22,00:00:00,0.71836,0.72331,0.71802,0.72261,100214
2022.02.23,00:00:00,0.7226,0.72835,0.72182,0.72271,71060
2022.02.24,00:00:00,0.7227,0.72287,0.70942,0.71596,185679
2022.02.25,00:00:00,0.71597,0.72373,0.71392,0.72333,118126
2022.02.27,00:00:00,0.71584,0.71898,0.71568,0.7185,9390
2022.02.28,00:00:00,0.71848,0.72671,0.7167,0.72582,111310
2022.03.01,00:00:00,0.72583,0.72893,0.72376,0.72605,94249
2022.03.02,00:00:00,0.72605,0.73062,0.72429,0.72925,104231
2022.03.03,00:00:00,0.72925,0.73472,0.72757,0.73354,84224
2022.03.04,00:00:00,0.73352,0.73801,0.73,0.737,103817
2022.03.06,00:00:00,0.73732,0.73945,0.73541,0.73935,5148
2022.03.07,00:00:00,0.73934,0.74408,0.73094,0.73286,137413
2022.03.08,00:00:00,0.73288,0.73476,0.72448,0.72669,138184
2022.03.09,00:00:00,0.72671,0.73369,0.72662,0.73162,89207
2022.03.10,00:00:00,0.73163,0.73671,0.7287,0.73649,89603
2022.03.11,00:00:00,0.73653,0.73661,0.72818,0.72901,84656
2022.03.13,00:00:00,0.72878,0.72983,0.72805,0.7296,3034
2022.03.14,00:00:00,0.72961,0.72966,0.71858,0.71979,75940
2022.03.15,00:00:00,0.71979,0.72269,0.71647,0.71894,76234
2022.03.16,00:00:00,0.71894,0.72965,0.71801,0.72879,95311
2022.03.17,00:00:00,0.72879,0.73927,0.72829,0.73807,78666
2022.03.18,00:00:00,0.73808,0.74174,0.73602,0.74128,60862
2022.03.20,00:00:00,0.74034,0.74137,0.73995,0.74092,2726
2022.03.21,00:00:00,0.74093,0.74243,0.73733,0.73952,61709
2022.03.22,00:00:00,0.73951,0.74765,0.73751,0.74616,60618
2022.03.23,00:00:00,0.74615,0.75067,0.74497,0.74984,56812
2022.03.24,00:00:00,0.74985,0.75272,0.74659,0.75096,64216
2022.03.25,00:00:00,0.75098,0.75363,0.74945,0.75123,63271
2022.03.27,00:00:00,0.74998,0.7521,0.74954,0.75169,2749
2022.03.28,00:00:00,0.75166,0.75395,0.74662,0.74963,72772
2022.03.29,00:00:00,0.74963,0.7524,0.74555,0.75139,82056
2022.03.30,00:00:00,0.75139,0.75359,0.74935,0.75009,67610
2022.03.31,00:00:00,0.75009,0.75252,0.74701,0.74911,70488
2022.04.01,00:00:00,0.74911,0.75241,0.74721,0.74973,59411
2022.04.03,00:00:00,0.74873,0.74948,0.74737,0.7485,1700
2022.04.04,00:00:00,0.74851,0.75559,0.74825,0.75427,47189
2022.04.05,00:00:00,0.75426,0.76607,0.75355,0.75848,65333
2022.04.06,00:00:00,0.75846,0.75927,0.74855,0.75041,76886
2022.04.07,00:00:00,0.7504,0.7513,0.74663,0.74775,62948
2022.04.08,00:00:00,0.74774,0.74922,0.74259,0.74577,53101
2022.04.10,00:00:00,0.74548,0.74652,0.74447,0.7445,2072
2022.04.11,00:00:00,0.74449,0.74601,0.74114,0.74141,57910
2022.04.12,00:00:00,0.74141,0.74929,0.73992,0.74532,69081
2022.04.13,00:00:00,0.74532,0.74742,0.73913,0.74495,69175
2022.04.14,00:00:00,0.74498,0.74679,0.73969,0.74072,64856
2022.04.15,00:00:00,0.74071,0.74125,0.73892,0.73898,37120
2022.04.17,00:00:00,0.73899,0.7403,0.73831,0.73958,2682
2022.04.18,00:00:00,0.73959,0.73967,0.73423,0.73564,42416
2022.04.19,00:00:00,0.73561,0.73996,0.73446,0.73928,60231
2022.04.20,00:00:00,0.73929,0.74571,0.73724,0.74435,62387
2022.04.21,00:00:00,0.74435,0.74577,0.73589,0.73597,62467
2022.04.22,00:00:00,0.736,0.73687,0.72342,0.72352,70052
2022.04.24,00:00:00,0.72498,0.72501,0.72315,0.72316,3564
2022.04.25,00:00:00,0.72317,0.7233,0.71346,0.71761,102724
2022.04.26,00:00:00,0.71761,0.72282,0.7118,0.7141,84404
2022.04.27,00:00:00,0.71412,0.71901,0.71009,0.71211,93898
2022.04.28,00:00:00,0.71211,0.71616,0.70544,0.71087,94371
2022.04.29,00:00:00,0.71092,0.71794,0.70571,0.70581,78986
2022.05.01,00:00:00,0.70682,0.70752,0.70595,0.70624,4873
2022.05.02,00:00:00,0.70625,0.70815,0.70294,0.70503,77020
2022.05.03,00:00:00,0.70503,0.71472,0.70503,0.71004,83093
2022.05.04,00:00:00,0.71003,0.72648,0.70882,0.72509,98135
2022.05.05,00:00:00,0.72509,0.72657,0.70768,0.71187,118013
2022.05.06,00:00:00,0.71189,0.71347,0.70579,0.7071,143537
2022.05.08,00:00:00,0.70624,0.70704,0.70419,0.70441,6107
2022.05.09,00:00:00,0.70441,0.70458,0.69429,0.69531,122051
2022.05.10,00:00:00,0.6953,0.69857,0.69102,0.69321,140495
2022.05.11,00:00:00,0.6932,0.70532,0.69256,0.69258,136402
2022.05.12,00:00:00,0.69258,0.69526,0.68284,0.68679,155111
2022.05.13,00:00:00,0.68679,0.69405,0.68625,0.69356,84121
2022.05.15,00:00:00,0.69174,0.69527,0.69174,0.69469,3935
2022.05.16,00:00:00,0.69467,0.6982,0.68718,0.69723,97685
2022.05.17,00:00:00,0.69722,0.704,0.69713,0.70296,93557
2022.05.18,00:00:00,0.70293,0.70461,0.69491,0.69575,84029
2022.05.19,00:00:00,0.69576,0.70722,0.69531,0.70411,131303
2022.05.20,00:00:00,0.70411,0.7073,0.70016,0.70381,96773
2022.05.22,00:00:00,0.70465,0.70688,0.7039,0.70609,4743
2022.05.23,00:00:00,0.70608,0.71265,0.70581,0.70858,88774
2022.05.24,00:00:00,0.70858,0.71186,0.70565,0.71008,94560
2022.05.25,00:00:00,0.71006,0.71184,0.70351,0.70889,99620
2022.05.26,00:00:00,0.70888,0.71092,0.70567,0.70976,78058
2022.05.27,00:00:00,0.70977,0.71665,0.70888,0.7157,67446
2022.05.29,00:00:00,0.71575,0.71651,0.71446,0.71578,3588
2022.05.30,00:00:00,0.71579,0.71994,0.71565,0.71936,52974
2022.05.31,00:00:00,0.71937,0.7203,0.71492,0.7182,84838
2022.06.01,00:00:00,0.71822,0.72298,0.71552,0.71707,82542
2022.06.02,00:00:00,0.71707,0.72701,0.71403,0.72645,67547
2022.06.03,00:00:00,0.72645,0.72826,0.72011,0.72034,67990
2022.06.05,00:00:00,0.72115,0.72158,0.71999,0.72002,3086
2022.06.06,00:00:00,0.72003,0.72313,0.71801,0.71859,60307
2022.06.07,00:00:00,0.71858,0.72461,0.71566,0.72207,86455
2022.06.08,00:00:00,0.72205,0.72337,0.7175,0.71858,74206
2022.06.09,00:00:00,0.71859,0.71938,0.7093,0.70971,90727
2022.06.10,00:00:00,0.7097,0.71375,0.70369,0.7044,100100
2022.06.12,00:00:00,0.70352,0.70446,0.70148,0.70192,4600
2022.06.13,00:00:00,0.70192,0.70337,0.69107,0.69401,117723
2022.06.14,00:00:00,0.694,0.69699,0.685,0.68868,133651
2022.06.15,00:00:00,0.6887,0.70238,0.68852,0.70172,150096
2022.06.16,00:00:00,0.70171,0.70685,0.6943,0.70395,141361
2022.06.17,00:00:00,0.70395,0.70423,0.6897,0.69322,122789
2022.06.19,00:00:00,0.6915,0.69566,0.6915,0.69504,5059
2022.06.20,00:00:00,0.69501,0.69954,0.69262,0.69676,74177
2022.06.21,00:00:00,0.69674,0.69933,0.69342,0.6959,85719
2022.06.22,00:00:00,0.69592,0.6961,0.68809,0.69045,100783
2022.06.23,00:00:00,0.69046,0.69258,0.68687,0.69021,106458
2022.06.24,00:00:00,0.6902,0.69573,0.68881,0.69402,84504
2022.06.26,00:00:00,0.69415,0.69584,0.69365,0.69438,4580
2022.06.27,00:00:00,0.69433,0.69482,0.69066,0.69204,100036
2022.06.28,00:00:00,0.69203,0.69641,0.69022,0.69027,106476
2022.06.29,00:00:00,0.69028,0.69195,0.68611,0.68776,114708
2022.06.30,00:00:00,0.68774,0.69188,0.68529,0.68973,110757
2022.07.01,00:00:00,0.68971,0.69027,0.67634,0.68105,124303
2022.07.03,00:00:00,0.68038,0.68248,0.68038,0.68127,5272
2022.07.04,00:00:00,0.68126,0.68882,0.67931,0.68707,67102
2022.07.05,00:00:00,0.68706,0.68943,0.67612,0.67933,118094
2022.07.06,00:00:00,0.67932,0.68256,0.67614,0.67814,135309
2022.07.07,00:00:00,0.67813,0.685,0.67639,0.6847,96277
2022.07.08,00:00:00,0.68472,0.68738,0.67911,0.68538,104483
2022.07.10,00:00:00,0.68404,0.6854,0.68356,0.68444,5086
2022.07.11,00:00:00,0.6845,0.68453,0.67141,0.67398,99301
2022.07.12,00:00:00,0.67399,0.67784,0.67104,0.67453,116595
2022.07.13,00:00:00,0.67452,0.68029,0.67251,0.67319,151702
2022.07.14,00:00:00,0.67319,0.67874,0.6681,0.67557,159389
2022.07.15,00:00:00,0.67555,0.68058,0.67186,0.67887,115730
2022.07.17,00:00:00,0.67847,0.68135,0.67838,0.68128,5003
2022.07.18,00:00:00,0.68127,0.6854,0.67926,0.68091,93258
2022.07.19,00:00:00,0.68092,0.6912,0.68019,0.68948,96276
2022.07.20,00:00:00,0.68948,0.69297,0.68726,0.68835,100757
2022.07.21,00:00:00,0.68833,0.69378,0.68585,0.69216,112713
2022.07.22,00:00:00,0.69214,0.69769,0.68927,0.69227,106769
2022.07.24,00:00:00,0.69217,0.69264,0.69027,0.69031,4696
2022.07.25,00:00:00,0.69032,0.69647,0.68782,0.69497,89228
2022.07.26,00:00:00,0.69501,0.69826,0.69216,0.69447,81500
2022.07.27,00:00:00,0.69447,0.70117,0.69114,0.69933,97678
2022.07.28,00:00:00,0.6993,0.70134,0.69544,0.6997,109478
2022.07.29,00:00:00,0.69973,0.70312,0.69105,0.69881,99504
2022.07.31,00:00:00,0.69697,0.69866,0.69671,0.697,4595
2022.08.01,00:00:00,0.697,0.70466,0.69676,0.70234,81968
2022.08.02,00:00:00,0.70235,0.70316,0.68878,0.68897,124816
2022.08.03,00:00:00,0.68903,0.6955,0.68857,0.6937,91431
2022.08.04,00:00:00,0.6937,0.69893,0.69344,0.69591,83256
2022.08.05,00:00:00,0.69593,0.69742,0.68689,0.69111,82858
2022.08.07,00:00:00,0.68913,0.69107,0.68913,0.69024,3846
2022.08.08,00:00:00,0.69024,0.70087,0.68974,0.6988,59535
2022.08.09,00:00:00,0.6988,0.69942,0.6953,0.69537,53206
2022.08.10,00:00:00,0.69536,0.71085,0.69461,0.70812,82030
2022.08.11,00:00:00,0.7081,0.71363,0.70625,0.71008,78429
2022.08.12,00:00:00,0.7101,0.71278,0.70842,0.71201,64484
2022.08.14,00:00:00,0.71129,0.71242,0.71055,0.71148,3082
2022.08.15,00:00:00,0.7115,0.71246,0.70105,0.70183,64798
2022.08.16,00:00:00,0.70183,0.70395,0.69905,0.70189,69818
2022.08.17,00:00:00,0.70188,0.70258,0.69104,0.69305,89792
2022.08.18,00:00:00,0.69305,0.69694,0.68984,0.69106,83304
2022.08.19,00:00:00,0.6911,0.69191,0.68585,0.68712,69235
2022.08.21,00:00:00,0.6869,0.68775,0.68607,0.68763,4173
2022.08.22,00:00:00,0.68764,0.69283,0.68617,0.68775,73971
2022.08.23,00:00:00,0.68775,0.69628,0.68555,0.69205,89807
2022.08.24,00:00:00,0.69205,0.69283,0.68784,0.69049,74929
2022.08.25,00:00:00,0.69049,0.69907,0.69017,0.69613,78444
2022.08.26,00:00:00,0.69614,0.70084,0.68877,0.68892,96390
2022.08.28,00:00:00,0.68781,0.68852,0.68596,0.6864,6198
2022.08.29,00:00:00,0.68641,0.69255,0.68403,0.69067,96398
2022.08.30,00:00:00,0.69069,0.69556,0.6845,0.68536,105753
2022.08.31,00:00:00,0.68536,0.69036,0.68254,0.68273,114763
2022.09.01,00:00:00,0.68272,0.68452,0.67706,0.67944,120287
2022.09.02,00:00:00,0.67943,0.68543,0.67788,0.68165,103790
2022.09.04,00:00:00,0.67773,0.67977,0.67757,0.67885,6390
2022.09.05,00:00:00,0.67885,0.68146,0.67722,0.68104,63485
2022.09.06,00:00:00,0.68104,0.68317,0.67245,0.67272,108282
2022.09.07,00:00:00,0.67276,0.67732,0.66985,0.67517,102088
2022.09.08,00:00:00,0.67519,0.67654,0.67124,0.6764,117875
2022.09.09,00:00:00,0.67638,0.68768,0.67616,0.68385,94835
2022.09.11,00:00:00,0.68273,0.685,0.68208,0.68449,5474
2022.09.12,00:00:00,0.6845,0.68991,0.68236,0.68922,83014
2022.09.13,00:00:00,0.68923,0.69155,0.67246,0.674,105984
2022.09.14,00:00:00,0.674,0.67617,0.67044,0.6752,110877
2022.09.15,00:00:00,0.67524,0.67694,0.66843,0.6686,97418
2022.09.16,00:00:00,0.6686,0.67236,0.66694,0.67195,99313
2022.09.18,00:00:00,0.67136,0.67334,0.67099,0.67244,5139
2022.09.19,00:00:00,0.67244,0.67349,0.66715,0.67318,80021
2022.09.20,00:00:00,0.67318,0.6747,0.66759,0.66942,92961
2022.09.21,00:00:00,0.66941,0.67044,0.66068,0.66116,128568
2022.09.22,00:00:00,0.6612,0.66703,0.65736,0.66436,151520
2022.09.23,00:00:00,0.66432,0.66552,0.65108,0.65358,134634
2022.09.25,00:00:00,0.65141,0.65374,0.65092,0.65301,9131
2022.09.26,00:00:00,0.65302,0.65363,0.64371,0.64708,188473
2022.09.27,00:00:00,0.64709,0.65126,0.64134,0.64339,159220
2022.09.28,00:00:00,0.64335,0.65303,0.63626,0.65023,208823
2022.09.29,00:00:00,0.65024,0.6518,0.6435,0.65078,178783
2022.09.30,00:00:00,0.65077,0.65234,0.63907,0.64023,171783
2022.10.02,00:00:00,0.63995,0.64278,0.63975,0.64192,9313
2022.10.03,00:00:00,0.64192,0.65214,0.64109,0.65025,136474
2022.10.04,00:00:00,0.65026,0.6547,0.64497,0.65127,136618
2022.10.05,00:00:00,0.65127,0.65256,0.6416,0.65117,134371
2022.10.06,00:00:00,0.65116,0.65404,0.63887,0.64137,161034
2022.10.07,00:00:00,0.64136,0.64319,0.63537,0.63604,128128
2022.10.09,00:00:00,0.63569,0.63656,0.63415,0.63601,8813
2022.10.10,00:00:00,0.63601,0.63796,0.62742,0.62953,131178
2022.10.11,00:00:00,0.62953,0.63453,0.62468,0.62641,159226
2022.10.12,00:00:00,0.62641,0.62983,0.6235,0.62751,159021
2022.10.13,00:00:00,0.62747,0.63159,0.61695,0.62943,165154
2022.10.14,00:00:00,0.62943,0.63465,0.61934,0.61989,171082
2022.10.16,00:00:00,0.62053,0.62232,0.62021,0.62212,6621
2022.10.17,00:00:00,0.62212,0.63115,0.62091,0.62967,118550
2022.10.18,00:00:00,0.62966,0.63393,0.62653,0.63142,124675
2022.10.19,00:00:00,0.63141,0.63236,0.62507,0.62627,109525
2022.10.20,00:00:00,0.62627,0.63555,0.62278,0.62736,126876
2022.10.21,00:00:00,0.62738,0.63923,0.62096,0.63853,164035
2022.10.23,00:00:00,0.63939,0.64104,0.63545,0.63679,22307
2022.10.24,00:00:00,0.63679,0.63761,0.62718,0.63269,160869
2022.10.25,00:00:00,0.63271,0.64116,0.6303,0.63834,126172
2022.10.26,00:00:00,0.63836,0.65104,0.63716,0.64951,141354
2022.10.27,00:00:00,0.64951,0.65214,0.6425,0.64497,149315
2022.10.28,00:00:00,0.64498,0.64792,0.63884,0.64116,126637
2022.10.30,00:00:00,0.63945,0.64086,0.63864,0.64,11341
2022.10.31,00:00:00,0.64,0.64273,0.63675,0.64087,100354
2022.11.01,00:00:00,0.64088,0.64634,0.63764,0.63956,133036
2022.11.02,00:00:00,0.63956,0.64916,0.63309,0.63372,135413
2022.11.03,00:00:00,0.63372,0.63713,0.62716,0.62873,127214
2022.11.04,00:00:00,0.62872,0.64822,0.62842,0.64729,148990
2022.11.06,00:00:00,0.6414,0.64461,0.64072,0.64383,6496
2022.11.07,00:00:00,0.64383,0.64899,0.64059,0.64735,119188
2022.11.08,00:00:00,0.64735,0.65506,0.64436,0.65079,109043
2022.11.09,00:00:00,0.65079,0.65216,0.64137,0.64298,136026
2022.11.10,00:00:00,0.64298,0.6631,0.6386,0.66055,153651
2022.11.11,00:00:00,0.66057,0.67162,0.65772,0.67052,152803
2022.11.13,00:00:00,0.66994,0.67031,0.66677,0.66943,7138
2022.11.14,00:00:00,0.66942,0.67231,0.66628,0.66916,131606
2022.11.15,00:00:00,0.66917,0.67969,0.6685,0.67687,186632
2022.11.16,00:00:00,0.67689,0.67921,0.67192,0.67381,149149
2022.11.17,00:00:00,0.67383,0.67505,0.66334,0.66867,127425
2022.11.18,00:00:00,0.66867,0.67298,0.66609,0.66684,103026
2022.11.20,00:00:00,0.66585,0.66829,0.66585,0.66825,3025
2022.11.21,00:00:00,0.66825,0.6683,0.6584,0.66068,104386
2022.11.22,00:00:00,0.66067,0.66509,0.66037,0.66483,88615
2022.11.23,00:00:00,0.66484,0.67459,0.66334,0.67455,105379
2022.11.24,00:00:00,0.67454,0.67777,0.67307,0.67646,64025
2022.11.25,00:00:00,0.67647,0.67804,0.67201,0.67466,77808
2022.11.27,00:00:00,0.67163,0.67278,0.67096,0.67104,3369
2022.11.28,00:00:00,0.67106,0.67241,0.66412,0.66509,101371
2022.11.29,00:00:00,0.66509,0.67483,0.66396,0.66826,109537
2022.11.30,00:00:00,0.6683,0.68018,0.66696,0.67986,128268
2022.12.01,00:00:00,0.67987,0.68437,0.67822,0.68098,136314
2022.12.02,00:00:00,0.68097,0.68355,0.67421,0.67914,122653
2022.12.04,00:00:00,0.67835,0.68123,0.67716,0.68118,3534
2022.12.05,00:00:00,0.68118,0.68504,0.66863,0.6706,106734
2022.12.06,00:00:00,0.67062,0.67437,0.66802,0.66975,101757
2022.12.07,00:00:00,0.66975,0.67415,0.66682,0.67247,111389
2022.12.08,00:00:00,0.67246,0.67803,0.66978,0.67745,92064
2022.12.09,00:00:00,0.67743,0.6813,0.67419,0.6793,96046
2022.12.11,00:00:00,0.67827,0.67974,0.6778,0.6778,2367
2022.12.12,00:00:00,0.67782,0.67949,0.67282,0.67513,84377
2022.12.13,00:00:00,0.67512,0.68927,0.67394,0.6841,143136
2022.12.14,00:00:00,0.6841,0.68809,0.68095,0.68567,141487
2022.12.15,00:00:00,0.68566,0.68693,0.66761,0.67049,128300
2022.12.16,00:00:00,0.6705,0.67355,0.66748,0.66851,107910
2022.12.18,00:00:00,0.67037,0.67092,0.66824,0.66867,2207
2022.12.19,00:00:00,0.66868,0.67321,0.66839,0.67049,90574
2022.12.20,00:00:00,0.67048,0.67437,0.66286,0.66873,149203
2022.12.21,00:00:00,0.66873,0.67277,0.6656,0.67122,105515
2022.12.22,00:00:00,0.67122,0.6767,0.66497,0.66756,96305
2022.12.23,00:00:00,0.66756,0.67244,0.66598,0.6713,99525
2022.12.25,00:00:00,0.66918,0.67136,0.66876,0.67057,340
2022.12.26,00:00:00,0.67056,0.67562,0.66785,0.67434,9924
2022.12.27,00:00:00,0.67433,0.67754,0.67229,0.67284,79458
2022.12.28,00:00:00,0.67281,0.68006,0.67185,0.67463,86349
2022.12.29,00:00:00,0.67464,0.67871,0.671,0.67652,72876
2022.12.30,00:00:00,0.67653,0.68203,0.67533,0.68126,88176
2023.01.01,00:00:00,0.67896,0.68182,0.67896,0.68131,221
2023.01.02,00:00:00,0.68124,0.68181,0.67847,0.68074,29403
2023.01.03,00:00:00,0.68074,0.6834,0.66874,0.6725,121083
2023.01.04,00:00:00,0.67248,0.68858,0.67226,0.68282,132772
2023.01.05,00:00:00,0.68282,0.68445,0.67345,0.6752,122721
2023.01.06,00:00:00,0.6752,0.68863,0.67217,0.68742,128383
2023.01.08,00:00:00,0.68773,0.68966,0.68732,0.68955,3816
2023.01.09,00:00:00,0.68955,0.69494,0.68844,0.69088,110392
2023.01.10,00:00:00,0.6909,0.69272,0.68591,0.68927,115135
2023.01.11,00:00:00,0.68929,0.6925,0.68724,0.69087,89075
2023.01.12,00:00:00,0.69085,0.69842,0.68707,0.69665,137361
2023.01.13,00:00:00,0.69664,0.69936,0.69148,0.69676,112750
2023.01.15,00:00:00,0.69681,0.69772,0.69663,0.69715,2590
2023.01.16,00:00:00,0.69714,0.70187,0.69403,0.69654,80675
2023.01.17,00:00:00,0.69658,0.69969,0.69292,0.69872,114999
2023.01.18,00:00:00,0.69873,0.70631,0.69351,0.69433,150377
2023.01.19,00:00:00,0.69432,0.69475,0.68713,0.69113,112304
2023.01.20,00:00:00,0.69115,0.69732,0.69057,0.69672,89430
2023.01.22,00:00:00,0.69615,0.6984,0.69591,0.69831,2580
2023.01.23,00:00:00,0.6983,0.70394,0.69615,0.70283,95467
2023.01.24,00:00:00,0.70284,0.70573,0.6993,0.70499,88669
2023.01.25,00:00:00,0.70504,0.71221,0.70377,0.7107,95880
2023.01.26,00:00:00,0.71069,0.71421,0.70788,0.71132,96477
2023.01.27,00:00:00,0.71133,0.71291,0.70817,0.71064,79585
2023.01.29,00:00:00,0.70944,0.71088,0.70944,0.71074,2660
2023.01.30,00:00:00,0.71075,0.71198,0.70506,0.70575,91013
2023.01.31,00:00:00,0.70574,0.70641,0.69832,0.70507,104452
2023.02.01,00:00:00,0.70507,0.71573,0.70359,0.71469,119596
2023.02.02,00:00:00,0.71467,0.71564,0.70677,0.70722,131808
2023.02.03,00:00:00,0.70719,0.70723,0.69184,0.69191,126930
2023.02.05,00:00:00,0.68924,0.69294,0.68916,0.69182,5285
2023.02.06,00:00:00,0.69179,0.69481,0.68549,0.68883,94483
2023.02.07,00:00:00,0.68884,0.69879,0.68852,0.6964,133293
2023.02.08,00:00:00,0.6964,0.69959,0.69184,0.69276,89274
2023.02.09,00:00:00,0.69276,0.70108,0.69207,0.6938,84251
2023.02.10,00:00:00,0.6938,0.69597,0.69085,0.69143,102957
2023.02.12,00:00:00,0.69135,0.6919,0.69099,0.69125,2282
2023.02.13,00:00:00,0.69125,0.69731,0.68898,0.69679,76665
2023.02.14,00:00:00,0.6968,0.70294,0.69209,0.69865,138162
2023.02.15,00:00:00,0.69864,0.69867,0.68644,0.69059,96734
2023.02.16,00:00:00,0.69061,0.69357,0.68398,0.68614,107795
2023.02.17,00:00:00,0.68612,0.68839,0.68112,0.68761,92288
2023.02.19,00:00:00,0.68645,0.68755,0.68634,0.68686,2268
2023.02.20,00:00:00,0.68684,0.69203,0.6862,0.69081,54066
2023.02.21,00:00:00,0.69082,0.69194,0.68471,0.68625,103199
2023.02.22,00:00:00,0.68625,0.68645,0.67941,0.68111,102936
2023.02.23,00:00:00,0.68111,0.68412,0.67808,0.68082,86959
2023.02.24,00:00:00,0.68082,0.68236,0.67179,0.67219,101356
2023.02.26,00:00:00,0.6728,0.67377,0.67226,0.6733,2900
2023.02.27,00:00:00,0.67329,0.67442,0.66975,0.67398,80798
2023.02.28,00:00:00,0.67398,0.67571,0.67032,0.67298,86643
2023.03.01,00:00:00,0.67298,0.67832,0.66945,0.67587,108568
2023.03.02,00:00:00,0.67588,0.67656,0.6706,0.67314,98285
2023.03.03,00:00:00,0.67313,0.67743,0.67281,0.67674,80479
2023.03.05,00:00:00,0.67448,0.6761,0.67436,0.67532,3329
2023.03.06,00:00:00,0.67533,0.67692,0.67158,0.67306,72930
2023.03.07,00:00:00,0.67307,0.67476,0.65793,0.65884,113321
2023.03.08,00:00:00,0.65884,0.66287,0.65674,0.65937,90455
2023.03.09,00:00:00,0.65935,0.66358,0.65755,0.65884,79931
2023.03.10,00:00:00,0.65884,0.66399,0.65633,0.65781,151661
2023.03.12,00:00:00,0.66118,0.66467,0.65952,0.66326,17285
2023.03.13,00:00:00,0.66325,0.67163,0.6601,0.66545,213014
2023.03.14,00:00:00,0.66548,0.66954,0.66312,0.66867,159348
2023.03.15,00:00:00,0.66868,0.67111,0.65894,0.66169,168812
2023.03.16,00:00:00,0.66168,0.66677,0.66129,0.66628,149386
2023.03.17,00:00:00,0.66626,0.67242,0.66536,0.66949,91461
2023.03.19,00:00:00,0.6712,0.67185,0.66909,0.67122,7249
2023.03.20,00:00:00,0.67122,0.67296,0.66653,0.67161,105172
2023.03.21,00:00:00,0.67161,0.67258,0.66491,0.66778,73701
2023.03.22,00:00:00,0.66778,0.67585,0.66608,0.66967,95636
2023.03.23,00:00:00,0.66968,0.67551,0.66691,0.66805,94496
2023.03.24,00:00:00,0.66808,0.66939,0.66246,0.66422,85551
2023.03.26,00:00:00,0.66506,0.6658,0.66357,0.66542,4056
2023.03.27,00:00:00,0.66541,0.66653,0.66333,0.66586,67237
2023.03.28,00:00:00,0.66585,0.67098,0.66539,0.67055,56432
2023.03.29,00:00:00,0.6706,0.67127,0.66609,0.66811,59692
2023.03.30,00:00:00,0.66812,0.67182,0.66611,0.67147,59565
2023.03.31,00:00:00,0.67146,0.67375,0.66698,0.66829,64701
2023.04.02,00:00:00,0.66829,0.6686,0.66551,0.6658,5912
2023.04.03,00:00:00,0.66581,0.67928,0.66506,0.67858,77081
2023.04.04,00:00:00,0.67859,0.67928,0.67203,0.67594,75380
2023.04.05,00:00:00,0.67594,0.67795,0.66764,0.67158,78594
2023.04.06,00:00:00,0.67157,0.67194,0.66526,0.66739,54554
2023.04.07,00:00:00,0.66738,0.66907,0.66403,0.66643,30983
2023.04.09,00:00:00,0.66491,0.66739,0.66491,0.66725,2661
2023.04.10,00:00:00,0.66726,0.66797,0.66181,0.66477,43687
2023.04.11,00:00:00,0.66476,0.66794,0.66428,0.66526,55873
2023.04.12,00:00:00,0.66526,0.67228,0.66502,0.6696,71396
2023.04.13,00:00:00,0.6696,0.67963,0.66849,0.67832,66048
2023.04.14,00:00:00,0.67833,0.68057,0.66947,0.6704,73502
2023.04.16,00:00:00,0.67017,0.67079,0.66972,0.67051,1903
2023.04.17,00:00:00,0.67048,0.67188,0.66805,0.66982,60464
2023.04.18,00:00:00,0.66983,0.6747,0.6697,0.67351,62583
2023.04.19,00:00:00,0.67351,0.6741,0.66896,0.67047,60742
2023.04.20,00:00:00,0.67047,0.6771,0.66965,0.67425,52488
2023.04.21,00:00:00,0.67424,0.67427,0.66773,0.66887,50376
2023.04.23,00:00:00,0.6689,0.66972,0.66887,0.66906,1636
2023.04.24,00:00:00,0.66906,0.67046,0.66651,0.6703,43737
2023.04.25,00:00:00,0.67029,0.6705,0.66139,0.66356,49264
2023.04.26,00:00:00,0.66356,0.66388,0.6591,0.66076,64442
2023.04.27,00:00:00,0.66076,0.6635,0.65949,0.66296,58274
2023.04.28,00:00:00,0.66298,0.66418,0.65728,0.66112,64715
2023.04.30,00:00:00,0.66118,0.66165,0.66069,0.66095,2394
2023.05.01,00:00:00,0.66096,0.66677,0.66091,0.66223,41712
2023.05.02,00:00:00,0.66222,0.67167,0.66201,0.66702,65781
2023.05.03,00:00:00,0.66701,0.67028,0.664,0.66412,73541
2023.05.04,00:00:00,0.66415,0.67059,0.664,0.66957,77569
2023.05.05,00:00:00,0.66957,0.67566,0.66875,0.67456,56400
2023.05.07,00:00:00,0.67433,0.67549,0.67433,0.67464,2843
2023.05.08,00:00:00,0.67466,0.68032,0.67396,0.67801,36640
2023.05.09,00:00:00,0.67799,0.67864,0.67461,0.67661,38671
2023.05.10,00:00:00,0.67662,0.68176,0.67438,0.67805,55302
2023.05.11,00:00:00,0.67805,0.67958,0.66884,0.6699,61502
2023.05.12,00:00:00,0.66989,0.67059,0.66357,0.66392,44839
2023.05.14,00:00:00,0.66447,0.66472,0.6641,0.66464,3140
2023.05.15,00:00:00,0.66464,0.67084,0.66416,0.67015,40467
2023.05.16,00:00:00,0.67015,0.67092,0.66497,0.66573,46446
2023.05.17,00:00:00,0.66573,0.66728,0.66286,0.66553,47682
2023.05.18,00:00:00,0.66556,0.66672,0.66045,0.66266,49879
2023.05.19,00:00:00,0.66267,0.66748,0.66163,0.66455,56442
2023.05.21,00:00:00,0.66434,0.66584,0.66419,0.66583,2978
2023.05.22,00:00:00,0.66584,0.66672,0.66268,0.66481,52474
2023.05.23,00:00:00,0.66481,0.66616,0.66067,0.66131,52791
2023.05.24,00:00:00,0.66131,0.66148,0.65294,0.65427,64000
2023.05.25,00:00:00,0.65426,0.65439,0.64966,0.64978,56852
2023.05.26,00:00:00,0.64981,0.65438,0.649,0.65142,50839
2023.05.28,00:00:00,0.65213,0.65281,0.65156,0.65244,2474
2023.05.29,00:00:00,0.65242,0.65537,0.65229,0.65275,23535
2023.05.30,00:00:00,0.65274,0.65591,0.65025,0.65171,54681
2023.05.31,00:00:00,0.65169,0.65384,0.64579,0.65057,63166
2023.06.01,00:00:00,0.65057,0.65813,0.64839,0.65773,56947
2023.06.02,00:00:00,0.65774,0.6638,0.65735,0.66038,53873
2023.06.04,00:00:00,0.65951,0.66052,0.65947,0.65968,2835
2023.06.05,00:00:00,0.65968,0.6637,0.65788,0.66122,48065
2023.06.06,00:00:00,0.66125,0.66848,0.66092,0.66798,51343
2023.06.07,00:00:00,0.66798,0.67169,0.66411,0.6658,51849
2023.06.08,00:00:00,0.66581,0.67176,0.66545,0.67118,46329
2023.06.09,00:00:00,0.6712,0.67503,0.66923,0.67374,40361
2023.06.11,00:00:00,0.67254,0.67457,0.67254,0.67442,1682
2023.06.12,00:00:00,0.67443,0.67731,0.6731,0.67519,34987
2023.06.13,00:00:00,0.67518,0.68066,0.67376,0.67697,58554
2023.06.14,00:00:00,0.67698,0.68352,0.67553,0.67961,60235
2023.06.15,00:00:00,0.67959,0.68923,0.67649,0.6879,59651
2023.06.16,00:00:00,0.6879,0.68993,0.68545,0.68715,56189
2023.06.18,00:00:00,0.68769,0.6882,0.68699,0.68716,2433
2023.06.19,00:00:00,0.68715,0.68775,0.68333,0.68491,39987
2023.06.20,00:00:00,0.6849,0.68535,0.67526,0.67894,60189
2023.06.21,00:00:00,0.67893,0.68042,0.67404,0.67983,67040
2023.06.22,00:00:00,0.67983,0.68056,0.67442,0.67588,60454
2023.06.23,00:00:00,0.67587,0.67672,0.66623,0.66743,61729
2023.06.25,00:00:00,0.66774,0.66825,0.66725,0.66805,2609
2023.06.26,00:00:00,0.66804,0.66935,0.66541,0.66735,49616
2023.06.27,00:00:00,0.66735,0.67203,0.66695,0.66817,58731
2023.06.28,00:00:00,0.66816,0.66888,0.6596,0.65984,59749
2023.06.29,00:00:00,0.65983,0.66402,0.65948,0.66165,57068
2023.06.30,00:00:00,0.66167,0.66711,0.66029,0.66594,57263
2023.07.02,00:00:00,0.66599,0.66636,0.66567,0.66577,1291
2023.07.03,00:00:00,0.66578,0.66914,0.66366,0.66735,48737
2023.07.04,00:00:00,0.66736,0.6705,0.6641,0.6693,35736
2023.07.05,00:00:00,0.6693,0.66981,0.66514,0.66544,46829
2023.07.06,00:00:00,0.66545,0.66876,0.65988,0.66281,63003
2023.07.07,00:00:00,0.66282,0.67002,0.66191,0.66868,64445
2023.07.09,00:00:00,0.66819,0.66954,0.6674,0.66875,3102
2023.07.10,00:00:00,0.66874,0.66952,0.66231,0.66761,52201
2023.07.11,00:00:00,0.66762,0.66948,0.66503,0.66927,56046
2023.07.12,00:00:00,0.66925,0.67957,0.66822,0.67919,77402
2023.07.13,00:00:00,0.67921,0.68944,0.67848,0.68878,66124
2023.07.14,00:00:00,0.6888,0.68946,0.683,0.68348,63784
2023.07.16,00:00:00,0.68412,0.68416,0.68264,0.68368,2026
2023.07.17,00:00:00,0.68367,0.68378,0.6787,0.68096,50326
2023.07.18,00:00:00,0.68095,0.68368,0.67885,0.68128,79434
2023.07.19,00:00:00,0.68127,0.68191,0.67496,0.67707,76533
2023.07.20,00:00:00,0.67707,0.68464,0.67699,0.67779,78878
2023.07.21,00:00:00,0.67779,0.67874,0.67219,0.6726,59562
2023.07.23,00:00:00,0.67273,0.67331,0.67221,0.67248,2368
2023.07.24,00:00:00,0.67249,0.67557,0.67145,0.67313,68025
2023.07.25,00:00:00,0.67316,0.67945,0.6725,0.67869,63792
2023.07.26,00:00:00,0.6787,0.67908,0.67285,0.67606,85977
2023.07.27,00:00:00,0.67604,0.68207,0.66978,0.67116,91992
2023.07.28,00:00:00,0.67114,0.67121,0.66221,0.66466,90493
2023.07.30,00:00:00,0.66511,0.66647,0.6643,0.66591,3964
2023.07.31,00:00:00,0.66591,0.6739,0.66573,0.67156,62952
2023.08.01,00:00:00,0.67155,0.67231,0.66017,0.6617,67262
2023.08.02,00:00:00,0.66171,0.66295,0.65263,0.6541,67404
2023.08.03,00:00:00,0.65409,0.65682,0.65137,0.656,76077
2023.08.04,00:00:00,0.65599,0.66091,0.65449,0.65663,77045
2023.08.06,00:00:00,0.65713,0.65746,0.65661,0.65731,2673
2023.08.07,00:00:00,0.6573,0.65924,0.65548,0.65718,53468
2023.08.08,00:00:00,0.6572,0.65758,0.64961,0.65326,68749
2023.08.09,00:00:00,0.65327,0.65709,0.65196,0.65347,62453
2023.08.10,00:00:00,0.65347,0.66164,0.65113,0.65113,82290
2023.08.11,00:00:00,0.65114,0.65332,0.64855,0.64919,68049
2023.08.13,00:00:00,0.64951,0.64984,0.64911,0.64944,2812
2023.08.14,00:00:00,0.64943,0.65025,0.64534,0.64875,73051
2023.08.15,00:00:00,0.64875,0.65212,0.64509,0.64569,89834
2023.08.16,00:00:00,0.64571,0.64802,0.64128,0.64131,80088
2023.08.17,00:00:00,0.64131,0.645,0.6364,0.64056,84217
2023.08.18,00:00:00,0.64056,0.64285,0.63786,0.63997,71576
2023.08.20,00:00:00,0.64054,0.64139,0.64012,0.64137,3480
2023.08.21,00:00:00,0.64137,0.6421,0.63867,0.64127,64983
2023.08.22,00:00:00,0.64126,0.64575,0.64029,0.64239,64263
2023.08.23,00:00:00,0.64238,0.64826,0.64105,0.64802,65646
2023.08.24,00:00:00,0.64803,0.64878,0.6411,0.64123,61255
2023.08.25,00:00:00,0.64124,0.64408,0.63795,0.64011,69474
2023.08.27,00:00:00,0.6402,0.64164,0.6402,0.64156,2757
2023.08.28,00:00:00,0.64155,0.64392,0.64013,0.64275,50130
2023.08.29,00:00:00,0.64275,0.64863,0.64008,0.64755,67173
2023.08.30,00:00:00,0.64756,0.65218,0.64489,0.64786,69562
2023.08.31,00:00:00,0.64785,0.65074,0.64606,0.64859,67495
2023.09.01,00:00:00,0.64859,0.65215,0.6438,0.64479,74517
2023.09.03,00:00:00,0.64357,0.64531,0.64357,0.64513,2397
2023.09.04,00:00:00,0.64515,0.64801,0.64496,0.64569,34829
2023.09.05,00:00:00,0.6457,0.64593,0.6357,0.63741,73184
2023.09.06,00:00:00,0.6374,0.64042,0.63567,0.63809,68541
2023.09.07,00:00:00,0.63807,0.63946,0.63617,0.63775,57393
2023.09.08,00:00:00,0.63778,0.64144,0.63668,0.63746,49967
2023.09.10,00:00:00,0.63823,0.64016,0.63753,0.63963,4994
2023.09.11,00:00:00,0.63964,0.6449,0.63877,0.6429,59542
2023.09.12,00:00:00,0.6429,0.64395,0.6408,0.64277,53836
2023.09.13,00:00:00,0.64276,0.64336,0.63797,0.64203,69317
2023.09.14,00:00:00,0.64203,0.64591,0.64184,0.643,76811
2023.09.15,00:00:00,0.643,0.64731,0.64242,0.64268,54281
2023.09.17,00:00:00,0.64331,0.64403,0.64264,0.64393,1838
2023.09.18,00:00:00,0.64391,0.64484,0.64162,0.6439,48713
2023.09.19,00:00:00,0.64392,0.64734,0.64274,0.64636,48953
2023.09.20,00:00:00,0.64636,0.65108,0.6435,0.64355,77207
2023.09.21,00:00:00,0.64353,0.64401,0.63851,0.64089,66689
2023.09.22,00:00:00,0.64089,0.64648,0.64033,0.6438,60857
2023.09.24,00:00:00,0.64393,0.6444,0.64357,0.64403,3239
2023.09.25,00:00:00,0.64404,0.64461,0.64037,0.64215,47944
2023.09.26,00:00:00,0.64215,0.64301,0.63869,0.63929,64816
2023.09.27,00:00:00,0.6393,0.64086,0.63309,0.63481,64601
2023.09.28,00:00:00,0.63481,0.64318,0.63468,0.64261,79141
2023.09.29,00:00:00,0.64261,0.65005,0.64207,0.64285,72682
2023.10.01,00:00:00,0.64211,0.64426,0.6421,0.64367,4136
2023.10.02,00:00:00,0.64365,0.64446,0.63569,0.63614,64123
2023.10.03,00:00:00,0.63614,0.63634,0.62851,0.6308,89334
2023.10.04,00:00:00,0.63081,0.6342,0.62859,0.63281,87739
2023.10.05,00:00:00,0.6328,0.63773,0.63238,0.6369,71396
2023.10.06,00:00:00,0.63693,0.63998,0.63122,0.63829,83874
2023.10.08,00:00:00,0.63625,0.63693,0.63441,0.63685,6927
2023.10.09,00:00:00,0.63688,0.64228,0.63424,0.64208,57352
2023.10.10,00:00:00,0.64207,0.64353,0.63898,0.64316,78858
2023.10.11,00:00:00,0.64315,0.64449,0.63876,0.64173,71650
2023.10.12,00:00:00,0.64173,0.64306,0.63067,0.63155,69041
2023.10.13,00:00:00,0.63157,0.63339,0.62859,0.62941,65517
2023.10.15,00:00:00,0.63016,0.6311,0.62979,0.6311,5239
2023.10.16,00:00:00,0.63111,0.63446,0.63023,0.63371,53447
2023.10.17,00:00:00,0.63372,0.63794,0.6336,0.63624,72173
2023.10.18,00:00:00,0.63625,0.63929,0.63275,0.63326,66414
2023.10.19,00:00:00,0.6333,0.63561,0.62955,0.63239,91384
2023.10.20,00:00:00,0.6324,0.63252,0.6297,0.63092,55820
2023.10.22,00:00:00,0.63152,0.63215,0.63092,0.63196,3279
2023.10.23,00:00:00,0.63197,0.63483,0.62885,0.63359,53948
2023.10.24,00:00:00,0.63361,0.63786,0.63349,0.63596,64452
2023.10.25,00:00:00,0.63597,0.63992,0.62843,0.62933,66446
2023.10.26,00:00:00,0.62934,0.63346,0.62698,0.6333,75406
2023.10.27,00:00:00,0.63328,0.63675,0.63242,0.63329,59822
2023.10.29,00:00:00,0.63364,0.63436,0.63321,0.6338,3785
2023.10.30,00:00:00,0.63381,0.63835,0.63365,0.63675,50779
2023.10.31,00:00:00,0.63673,0.63737,0.6314,0.63364,62138
2023.11.01,00:00:00,0.63363,0.6422,0.63179,0.6422,78015
2023.11.02,00:00:00,0.64221,0.64555,0.64124,0.64275,57035
2023.11.03,00:00:00,0.64276,0.65179,0.64193,0.65105,65623
2023.11.05,00:00:00,0.65033,0.65164,0.65033,0.65149,2393
2023.11.06,00:00:00,0.6515,0.65226,0.64844,0.64884,48311
2023.11.07,00:00:00,0.64884,0.6501,0.64036,0.64298,55436
2023.11.08,00:00:00,0.64298,0.6449,0.63958,0.64067,52110
2023.11.09,00:00:00,0.64071,0.64279,0.6357,0.63611,63833
2023.11.10,00:00:00,0.6361,0.63665,0.63381,0.63579,50156
2023.11.12,00:00:00,0.6349,0.63682,0.6349,0.63637,3197
2023.11.13,00:00:00,0.63637,0.63909,0.63518,0.6379,38277
2023.11.14,00:00:00,0.63793,0.65119,0.636,0.64978,63688
2023.11.15,00:00:00,0.64978,0.65418,0.6483,0.6511,63866
2023.11.16,00:00:00,0.65111,0.65165,0.64602,0.64686,65942
2023.11.17,00:00:00,0.64688,0.65153,0.64521,0.65128,55089
2023.11.19,00:00:00,0.65013,0.65182,0.65013,0.65102,2581
2023.11.20,00:00:00,0.651,0.65645,0.65003,0.65597,58515
2023.11.21,00:00:00,0.65595,0.65892,0.6544,0.65571,66229
2023.11.22,00:00:00,0.65571,0.65692,0.65209,0.6542,65341
2023.11.23,00:00:00,0.6542,0.65743,0.65417,0.65594,36017
2023.11.24,00:00:00,0.65593,0.65906,0.65493,0.6581,38756
2023.11.26,00:00:00,0.65753,0.65857,0.65753,0.65804,1927
2023.11.27,00:00:00,0.65805,0.66137,0.65663,0.66132,50726
2023.11.28,00:00:00,0.66132,0.66654,0.65958,0.66555,66670
2023.11.29,00:00:00,0.66555,0.66761,0.66053,0.66168,62400
2023.11.30,00:00:00,0.66169,0.66499,0.65704,0.66062,81338
2023.12.01,00:00:00,0.66064,0.66752,0.65989,0.66712,71822
2023.12.03,00:00:00,0.66636,0.66901,0.66634,0.66818,4476
2023.12.04,00:00:00,0.66818,0.66879,0.66044,0.66166,70930
2023.12.05,00:00:00,0.66166,0.66214,0.65436,0.65542,79360
2023.12.06,00:00:00,0.65544,0.6597,0.65464,0.65507,62805
2023.12.07,00:00:00,0.65508,0.66198,0.6525,0.65935,74805
2023.12.08,00:00:00,0.65936,0.66191,0.65574,0.65746,93186
2023.12.10,00:00:00,0.65665,0.65827,0.65665,0.65791,2957
2023.12.11,00:00:00,0.6579,0.65823,0.65495,0.6564,52526
2023.12.12,00:00:00,0.65641,0.66119,0.65392,0.6564,64252
2023.12.13,00:00:00,0.65641,0.66728,0.65409,0.66648,75382
2023.12.14,00:00:00,0.66648,0.67281,0.66615,0.67011,101159
2023.12.15,00:00:00,0.67012,0.6728,0.66626,0.67001,73674
2023.12.17,00:00:00,0.66956,0.67032,0.66926,0.66983,2653
2023.12.18,00:00:00,0.66983,0.67349,0.66899,0.67034,58370
2023.12.19,00:00:00,0.67036,0.6774,0.67024,0.6758,60592
2023.12.20,00:00:00,0.67581,0.67787,0.67231,0.67396,63513
2023.12.21,00:00:00,0.67395,0.68032,0.67355,0.67958,75407
2023.12.22,00:00:00,0.67957,0.68245,0.67727,0.67957,78043
2023.12.24,00:00:00,0.67816,0.67903,0.67786,0.67838,60
2023.12.25,00:00:00,0.67866,0.68088,0.67684,0.68031,2538
2023.12.26,00:00:00,0.68031,0.68287,0.67969,0.68236,38474
2023.12.27,00:00:00,0.68237,0.68538,0.68174,0.68522,43467
2023.12.28,00:00:00,0.68524,0.68706,0.68222,0.68251,56021
2023.12.29,00:00:00,0.6825,0.6846,0.67806,0.68078,58892
2024.01.01,00:00:00,0.68043,0.68154,0.68043,0.68089,2109
2024.01.02,00:00:00,0.68091,0.68386,0.67564,0.67659,68975
2024.01.03,00:00:00,0.67661,0.67704,0.67015,0.67342,77476
2024.01.04,00:00:00,0.67342,0.67594,0.66961,0.67056,61011
2024.01.05,00:00:00,0.67055,0.67475,0.664,0.67129,84657
2024.01.07,00:00:00,0.67148,0.67162,0.67097,0.67154,1736
2024.01.08,00:00:00,0.67153,0.67342,0.66771,0.67161,56830
2024.01.09,00:00:00,0.67156,0.67342,0.66766,0.6684,56385
2024.01.10,00:00:00,0.6684,0.67125,0.66824,0.67016,48050
2024.01.11,00:00:00,0.67017,0.67258,0.66466,0.66987,82135
2024.01.12,00:00:00,0.66989,0.67283,0.66774,0.66856,64386
2024.01.14,00:00:00,0.66819,0.66911,0.66808,0.66886,2920
2024.01.15,00:00:00,0.66886,0.6704,0.66491,0.66499,34201
2024.01.16,00:00:00,0.665,0.66502,0.65757,0.65884,79682
2024.01.17,00:00:00,0.65884,0.65942,0.65245,0.65514,72685
2024.01.18,00:00:00,0.65514,0.65821,0.65246,0.65811,67274
2024.01.19,00:00:00,0.65813,0.66012,0.65647,0.65935,54576
2024.01.21,00:00:00,0.65885,0.66,0.65883,0.65946,2908
2024.01.22,00:00:00,0.65947,0.66132,0.65646,0.657,56481
2024.01.23,00:00:00,0.657,0.6612,0.65512,0.65857,60674
2024.01.24,00:00:00,0.65856,0.66206,0.65654,0.65752,72101
2024.01.25,00:00:00,0.65751,0.66092,0.65656,0.65816,71541
2024.01.26,00:00:00,0.65814,0.66092,0.65718,0.65718,54723
2024.01.28,00:00:00,0.6571,0.65824,0.65691,0.65766,3052
2024.01.29,00:00:00,0.65764,0.66156,0.65728,0.6613,48040
2024.01.30,00:00:00,0.6613,0.66242,0.65746,0.65945,56446
2024.01.31,00:00:00,0.65945,0.66222,0.6551,0.65624,101189
2024.02.01,00:00:00,0.65623,0.65784,0.65076,0.65738,80902
2024.02.02,00:00:00,0.65737,0.66099,0.65018,0.65099,71079
2024.02.04,00:00:00,0.651,0.65144,0.64872,0.65043,4182
2024.02.05,00:00:00,0.65042,0.65198,0.64682,0.64796,56132
2024.02.06,00:00:00,0.64798,0.65285,0.64792,0.65275,61961
2024.02.07,00:00:00,0.65274,0.65398,0.65147,0.65197,53889
2024.02.08,00:00:00,0.65196,0.65316,0.648,0.64983,44116
2024.02.09,00:00:00,0.64984,0.65338,0.64868,0.65213,47173
2024.02.11,00:00:00,0.65134,0.65258,0.651,0.65242,3185
2024.02.12,00:00:00,0.6524,0.65426,0.65118,0.65284,32045
2024.02.13,00:00:00,0.65285,0.65405,0.64422,0.64528,56593
2024.02.14,00:00:00,0.64525,0.64988,0.64459,0.64983,51144
2024.02.15,00:00:00,0.64983,0.6529,0.64771,0.65248,53222
2024.02.16,00:00:00,0.65248,0.65442,0.6496,0.65279,51857
2024.02.18,00:00:00,0.65245,0.65375,0.65245,0.65364,2299
2024.02.19,00:00:00,0.65365,0.65515,0.65283,0.65303,27894
2024.02.20,00:00:00,0.65303,0.65786,0.6521,0.65527,48552
2024.02.21,00:00:00,0.65527,0.65729,0.65328,0.65534,57022
2024.02.22,00:00:00,0.65536,0.65946,0.654,0.65581,50566
2024.02.23,00:00:00,0.65582,0.65801,0.65493,0.65619,37205
2024.02.25,00:00:00,0.65643,0.65664,0.65525,0.65631,1812
2024.02.26,00:00:00,0.65628,0.6565,0.65304,0.65388,33657
2024.02.27,00:00:00,0.65387,0.65574,0.65245,0.65432,38861
2024.02.28,00:00:00,0.65432,0.65492,0.64883,0.6494,43187
2024.02.29,00:00:00,0.64942,0.65306,0.64866,0.64997,53797
2024.03.01,00:00:00,0.64998,0.65336,0.6489,0.65251,49863
2024.03.03,00:00:00,0.65211,0.65291,0.652,0.65268,2704
2024.03.04,00:00:00,0.65269,0.6535,0.65036,0.65065,35253
2024.03.05,00:00:00,0.65064,0.65205,0.6477,0.65031,45129
2024.03.06,00:00:00,0.65028,0.65812,0.64922,0.6566,53835
2024.03.07,00:00:00,0.65659,0.66241,0.65636,0.66206,50033
2024.03.08,00:00:00,0.66207,0.66671,0.66127,0.66218,59376
2024.03.10,00:00:00,0.66208,0.66261,0.66174,0.66241,3084
2024.03.11,00:00:00,0.66241,0.66264,0.65963,0.6614,45444
2024.03.12,00:00:00,0.6614,0.66383,0.65839,0.6607,62136
2024.03.13,00:00:00,0.66069,0.66347,0.65998,0.66271,40680
2024.03.14,00:00:00,0.66269,0.66314,0.65699,0.6578,52847
2024.03.15,00:00:00,0.65782,0.65792,0.65517,0.65569,42261
2024.03.17,00:00:00,0.65571,0.65625,0.65556,0.65571,2437
2024.03.18,00:00:00,0.6557,0.65736,0.65503,0.65564,32322
2024.03.19,00:00:00,0.65568,0.65635,0.65036,0.65248,51996
2024.03.20,00:00:00,0.65248,0.65987,0.65111,0.65985,60593
2024.03.21,00:00:00,0.65983,0.66342,0.65606,0.6571,56572
2024.03.22,00:00:00,0.65709,0.65763,0.65098,0.65128,47093
2024.03.24,00:00:00,0.65136,0.65192,0.65103,0.65149,2557
2024.03.25,00:00:00,0.6515,0.65465,0.65097,0.65374,38113
2024.03.26,00:00:00,0.65376,0.65587,0.65299,0.65379,36415
2024.03.27,00:00:00,0.65379,0.65379,0.65108,0.6523,41663
2024.03.28,00:00:00,0.65229,0.65406,0.64849,0.65144,44740
2024.03.29,00:00:00,0.65139,0.65324,0.65036,0.65076,15630
2024.03.31,00:00:00,0.65119,0.6536,0.65119,0.6533,3687
2024.04.01,00:00:00,0.65332,0.65384,0.64802,0.64873,32008
2024.04.02,00:00:00,0.64872,0.65234,0.64846,0.65127,41272
2024.04.03,00:00:00,0.65126,0.65704,0.65029,0.65678,49631
2024.04.04,00:00:00,0.65678,0.66185,0.65651,0.65872,42073
2024.04.05,00:00:00,0.65872,0.6592,0.65488,0.65773,56061
2024.04.07,00:00:00,0.65743,0.65753,0.65675,0.65693,3397
2024.04.08,00:00:00,0.65693,0.66095,0.65589,0.66046,51592
2024.04.09,00:00:00,0.66045,0.6644,0.65982,0.66278,46716
2024.04.10,00:00:00,0.66278,0.66309,0.64982,0.65069,80633
2024.04.11,00:00:00,0.65068,0.65525,0.65015,0.654,63967
2024.04.12,00:00:00,0.65402,0.65428,0.64555,0.64602,58905
2024.04.14,00:00:00,0.64639,0.64783,0.64605,0.6474,3615
2024.04.15,00:00:00,0.64742,0.64928,0.64373,0.64413,67171
2024.04.16,00:00:00,0.64411,0.64431,0.63886,0.6412,83757
2024.04.17,00:00:00,0.64119,0.64457,0.64024,0.64382,65392
2024.04.18,00:00:00,0.64382,0.64562,0.6416,0.6423,62676
2024.04.19,00:00:00,0.64229,0.64326,0.63618,0.64158,89794
2024.04.21,00:00:00,0.64092,0.64263,0.64092,0.64247,2722
2024.04.22,00:00:00,0.64249,0.64551,0.6423,0.64514,45729
2024.04.23,00:00:00,0.64513,0.64898,0.64406,0.64877,51282
2024.04.24,00:00:00,0.64877,0.65293,0.64828,0.64972,48863
2024.04.25,00:00:00,0.64974,0.65385,0.64848,0.65214,51412
2024.04.26,00:00:00,0.65215,0.65537,0.65168,0.65319,52001
2024.04.28,00:00:00,0.65235,0.65417,0.6523,0.65413,1664
2024.04.29,00:00:00,0.65415,0.65863,0.6536,0.656,60831
2024.04.30,00:00:00,0.65599,0.65644,0.64673,0.64743,55804
2024.05.01,00:00:00,0.64747,0.65398,0.64648,0.65295,65004
2024.05.02,00:00:00,0.65293,0.6574,0.65152,0.65695,66651
2024.05.03,00:00:00,0.65693,0.66485,0.65641,0.66081,72157
2024.05.05,00:00:00,0.66145,0.6618,0.66043,0.66081,2418
2024.05.06,00:00:00,0.66081,0.66381,0.66048,0.66228,34695
2024.05.07,00:00:00,0.6623,0.66432,0.65861,0.65881,47788
2024.05.08,00:00:00,0.65879,0.65937,0.65575,0.65772,35819
2024.05.09,00:00:00,0.65771,0.66225,0.65649,0.66164,40745
2024.05.10,00:00:00,0.66166,0.66219,0.65956,0.66008,37784
2024.05.12,00:00:00,0.6599,0.66064,0.65989,0.65997,1617
2024.05.13,00:00:00,0.65993,0.66283,0.65853,0.66106,32453
2024.05.14,00:00:00,0.66105,0.66273,0.65786,0.66233,42979
2024.05.15,00:00:00,0.66235,0.67013,0.66211,0.66995,52313
2024.05.16,00:00:00,0.66996,0.67137,0.66537,0.66817,44842
2024.05.17,00:00:00,0.66817,0.67006,0.66484,0.66922,32863
2024.05.19,00:00:00,0.66904,0.67031,0.66894,0.6699,1796
2024.05.20,00:00:00,0.66991,0.67089,0.66615,0.66712,38137
2024.05.21,00:00:00,0.66714,0.66787,0.66461,0.66657,36921
2024.05.22,00:00:00,0.66659,0.66848,0.66074,0.66179,43293
2024.05.23,00:00:00,0.66181,0.66527,0.65972,0.66002,56035
2024.05.24,00:00:00,0.66,0.66361,0.65917,0.66272,37392
2024.05.26,00:00:00,0.66219,0.66342,0.66218,0.66222,1652
2024.05.27,00:00:00,0.66223,0.66595,0.66222,0.66554,26188
2024.05.28,00:00:00,0.66554,0.66794,0.66412,0.66473,41899
2024.05.29,00:00:00,0.66474,0.66653,0.66056,0.66131,51858
2024.05.30,00:00:00,0.66132,0.66472,0.65904,0.66292,53178
2024.05.31,00:00:00,0.66293,0.66724,0.66263,0.66513,59182
2024.06.02,00:00:00,0.6646,0.66563,0.6646,0.66552,2468
2024.06.03,00:00:00,0.66552,0.66947,0.66321,0.66892,61102
2024.06.04,00:00:00,0.66894,0.66984,0.66305,0.66451,67183
2024.06.05,00:00:00,0.66453,0.6664,0.66256,0.6655,52033
2024.06.06,00:00:00,0.6655,0.6683,0.6633,0.66692,47615
2024.06.07,00:00:00,0.66692,0.66808,0.65785,0.65788,59481
2024.06.09,00:00:00,0.65785,0.65829,0.65753,0.65815,1934
2024.06.10,00:00:00,0.65816,0.66118,0.65756,0.6607,37126
2024.06.11,00:00:00,0.66071,0.66132,0.65882,0.66072,43560
2024.06.12,00:00:00,0.66073,0.6704,0.65968,0.66628,80022
2024.06.13,00:00:00,0.66631,0.66749,0.66251,0.66306,53505
2024.06.14,00:00:00,0.66307,0.66412,0.6591,0.66135,59688
2024.06.16,00:00:00,0.65979,0.66174,0.65979,0.6612,1481
2024.06.17,00:00:00,0.6612,0.66189,0.65849,0.66173,37257
2024.06.18,00:00:00,0.66172,0.66617,0.65995,0.66608,52165
2024.06.19,00:00:00,0.66606,0.6677,0.66591,0.66734,23566
2024.06.20,00:00:00,0.66734,0.66789,0.66471,0.66602,43401
2024.06.21,00:00:00,0.66601,0.66693,0.66312,0.66398,44942
2024.06.23,00:00:00,0.66349,0.66414,0.66331,0.66342,1866
2024.06.24,00:00:00,0.66343,0.66673,0.66257,0.66535,38956
2024.06.25,00:00:00,0.66537,0.66723,0.66347,0.6644,36725
2024.06.26,00:00:00,0.66439,0.66882,0.66356,0.66449,47324
2024.06.27,00:00:00,0.66449,0.66721,0.66396,0.66495,41809
2024.06.28,00:00:00,0.66497,0.66841,0.66195,0.66676,58299
2024.06.30,00:00:00,0.66792,0.66804,0.66722,0.66733,2252
2024.07.01,00:00:00,0.66735,0.6688,0.66435,0.66538,50360
2024.07.02,00:00:00,0.66537,0.66703,0.66336,0.66681,47087
2024.07.03,00:00:00,0.66683,0.67331,0.66647,0.67115,47792
2024.07.04,00:00:00,0.67114,0.67313,0.67098,0.67243,21412
2024.07.05,00:00:00,0.67242,0.67524,0.67093,0.67471,56192
2024.07.07,00:00:00,0.67355,0.67488,0.67346,0.67458,3558
2024.07.08,00:00:00,0.67456,0.67607,0.67315,0.67423,41299
2024.07.09,00:00:00,0.67426,0.67473,0.67235,0.67412,40389
2024.07.10,00:00:00,0.67413,0.67518,0.67314,0.67511,39802
2024.07.11,00:00:00,0.67513,0.67983,0.67468,0.67694,71504
2024.07.12,00:00:00,0.67692,0.67933,0.67536,0.67823,53591
2024.07.14,00:00:00,0.6769,0.67783,0.67626,0.67703,3647
2024.07.15,00:00:00,0.67702,0.67883,0.67521,0.6762,46315
2024.07.16,00:00:00,0.6762,0.67625,0.67143,0.67314,47607
2024.07.17,00:00:00,0.67312,0.67544,0.67205,0.67301,64617
2024.07.18,00:00:00,0.67302,0.67431,0.66972,0.67033,55088
2024.07.19,00:00:00,0.67033,0.6707,0.66797,0.66834,45181
2024.07.22,00:00:00,0.66952,0.66954,0.6631,0.66381,44179
2024.07.23,00:00:00,0.66382,0.66455,0.66105,0.66115,36538
2024.07.24,00:00:00,0.66116,0.66128,0.65721,0.65732,52339
2024.07.25,00:00:00,0.65729,0.65737,0.65125,0.65396,74397
2024.07.26,00:00:00,0.65395,0.65681,0.65394,0.65462,45742
2024.07.28,00:00:00,0.65474,0.65601,0.65463,0.65525,2423
2024.07.29,00:00:00,0.65524,0.6568,0.65237,0.65506,36881
2024.07.30,00:00:00,0.65507,0.6562,0.65286,0.65399,42664
2024.07.31,00:00:00,0.65397,0.65555,0.64792,0.6548,75983
2024.08.01,00:00:00,0.6548,0.65595,0.64884,0.64931,68387
2024.08.02,00:00:00,0.64931,0.65472,0.64863,0.65093,84763
2024.08.04,00:00:00,0.65098,0.65173,0.64941,0.64973,7105
2024.08.05,00:00:00,0.64973,0.65221,0.63481,0.65148,191620
2024.08.06,00:00:00,0.65151,0.65412,0.64719,0.65139,125985
2024.08.07,00:00:00,0.65139,0.65742,0.65069,0.65179,94853
2024.08.08,00:00:00,0.6518,0.65942,0.65096,0.65905,78719
2024.08.09,00:00:00,0.65902,0.66049,0.65662,0.65712,52962
2024.08.11,00:00:00,0.65664,0.65752,0.65646,0.65683,2657
2024.08.12,00:00:00,0.65682,0.66046,0.65674,0.65846,41002
2024.08.13,00:00:00,0.65847,0.66388,0.65786,0.66371,48854
2024.08.14,00:00:00,0.66374,0.66425,0.65897,0.65971,59762
2024.08.15,00:00:00,0.65972,0.66341,0.65626,0.66117,49091
2024.08.16,00:00:00,0.66117,0.6671,0.66097,0.66672,36165
2024.08.18,00:00:00,0.66626,0.6676,0.66568,0.66722,2124
2024.08.19,00:00:00,0.66723,0.67379,0.66715,0.67334,39726
2024.08.20,00:00:00,0.67335,0.67488,0.67127,0.67458,38585
2024.08.21,00:00:00,0.67459,0.67607,0.67304,0.67489,42307
2024.08.22,00:00:00,0.6749,0.67523,0.66967,0.67064,43013
2024.08.23,00:00:00,0.67065,0.6798,0.67044,0.67957,48709
2024.08.25,00:00:00,0.67868,0.67967,0.67848,0.67869,2712
2024.08.26,00:00:00,0.6787,0.67961,0.67662,0.67724,42098
2024.08.27,00:00:00,0.67726,0.67951,0.67612,0.67868,44659
2024.08.28,00:00:00,0.67868,0.68125,0.67639,0.67826,48939
2024.08.29,00:00:00,0.67828,0.68235,0.67826,0.67953,54045
2024.08.30,00:00:00,0.67954,0.68162,0.6751,0.67638,44306
2024.09.01,00:00:00,0.67624,0.67724,0.67618,0.67676,1689
2024.09.02,00:00:00,0.67675,0.67944,0.67564,0.67867,24813
2024.09.03,00:00:00,0.67868,0.67919,0.67064,0.67128,57435
2024.09.04,00:00:00,0.67128,0.6749,0.66852,0.67155,54193
2024.09.05,00:00:00,0.67154,0.67412,0.67132,0.67403,48398
2024.09.06,00:00:00,0.67401,0.67669,0.66594,0.66689,75394
2024.09.08,00:00:00,0.66644,0.66739,0.66634,0.66693,2012
2024.09.09,00:00:00,0.66692,0.66885,0.66475,0.6657,38937
2024.09.10,00:00:00,0.66571,0.66762,0.66407,0.66525,40332
2024.09.11,00:00:00,0.66527,0.66789,0.66217,0.66739,60652
2024.09.12,00:00:00,0.66739,0.6728,0.66561,0.67256,50040
2024.09.13,00:00:00,0.67255,0.67322,0.66919,0.67022,45006
2024.09.15,00:00:00,0.66957,0.67136,0.66955,0.67132,2539
2024.09.16,00:00:00,0.67132,0.67533,0.67054,0.67512,35379
2024.09.17,00:00:00,0.67513,0.67684,0.67411,0.676,40280
2024.09.18,00:00:00,0.676,0.68198,0.6742,0.67654,70093
2024.09.19,00:00:00,0.67658,0.68389,0.67373,0.68088,67818
2024.09.20,00:00:00,0.68089,0.68284,0.67826,0.68057,48562
2024.09.22,00:00:00,0.67956,0.68106,0.67956,0.68095,1831
2024.09.23,00:00:00,0.68096,0.68532,0.67999,0.68328,43319
2024.09.24,00:00:00,0.68329,0.69067,0.68135,0.69054,52164
2024.09.25,00:00:00,0.69053,0.69077,0.68176,0.68186,49696
2024.09.26,00:00:00,0.68187,0.69044,0.68187,0.68921,57835
2024.09.27,00:00:00,0.68921,0.69368,0.68675,0.69009,54980
2024.09.29,00:00:00,0.69022,0.692,0.68947,0.69182,2634
2024.09.30,00:00:00,0.69185,0.69418,0.68982,0.69148,55165
2024.10.01,00:00:00,0.69147,0.69341,0.68561,0.6879,70612
2024.10.02,00:00:00,0.68791,0.69153,0.6875,0.68837,56590
2024.10.03,00:00:00,0.68837,0.68858,0.68296,0.68498,61337
2024.10.04,00:00:00,0.68498,0.68517,0.67851,0.67922,55676
2024.10.06,00:00:00,0.67869,0.68075,0.67865,0.67974,3109
2024.10.07,00:00:00,0.67972,0.68099,0.67429,0.67551,55850
2024.10.08,00:00:00,0.6755,0.67691,0.67146,0.67389,71035
2024.10.09,00:00:00,0.67388,0.67616,0.67074,0.67141,65842
2024.10.10,00:00:00,0.67179,0.67434,0.66993,0.67403,66315
2024.10.11,00:00:00,0.67405,0.67588,0.67244,0.67485,36165
2024.10.13,00:00:00,0.67354,0.67449,0.67229,0.67301,3708
2024.10.14,00:00:00,0.67301,0.67446,0.67018,0.67245,44604
2024.10.15,00:00:00,0.67248,0.67324,0.6673,0.6677,49009
2024.10.16,00:00:00,0.6677,0.67005,0.6657,0.66641,43917
2024.10.17,00:00:00,0.6664,0.67099,0.66632,0.66989,54414
2024.10.18,00:00:00,0.6699,0.6719,0.66937,0.6705,38519
2024.10.20,00:00:00,0.6703,0.67151,0.66999,0.67134,1865
2024.10.21,00:00:00,0.67136,0.6723,0.66516,0.66537,38208
2024.10.22,00:00:00,0.66535,0.66947,0.66504,0.66812,41067
2024.10.23,00:00:00,0.66812,0.6691,0.66135,0.66341,52455
2024.10.24,00:00:00,0.66342,0.66611,0.66206,0.66341,46634
2024.10.25,00:00:00,0.66342,0.66463,0.66007,0.6601,40532
2024.10.27,00:00:00,0.66117,0.66145,0.66007,0.66025,3511
2024.10.28,00:00:00,0.66024,0.66099,0.65778,0.65827,36591
2024.10.29,00:00:00,0.65828,0.65844,0.65447,0.65579,48148
2024.10.30,00:00:00,0.65577,0.65958,0.65364,0.65722,54566
2024.10.31,00:00:00,0.65722,0.65839,0.65393,0.65763,53176
2024.11.01,00:00:00,0.65761,0.65909,0.65535,0.6558,52733
2024.11.03,00:00:00,0.66094,0.66125,0.65841,0.65904,4265
2024.11.04,00:00:00,0.65904,0.66186,0.65771,0.65833,64222
2024.11.05,00:00:00,0.65834,0.66445,0.65784,0.66399,58257
2024.11.06,00:00:00,0.664,0.66414,0.65119,0.65664,181922
2024.11.07,00:00:00,0.65663,0.66874,0.65636,0.66745,112300
2024.11.08,00:00:00,0.66744,0.66752,0.65578,0.65811,93962
2024.11.10,00:00:00,0.6579,0.65862,0.65749,0.65836,2778
2024.11.11,00:00:00,0.65835,0.65979,0.65621,0.65784,71771
2024.11.12,00:00:00,0.65782,0.65815,0.65136,0.65291,89409
2024.11.13,00:00:00,0.6529,0.65455,0.64799,0.64931,97252
2024.11.14,00:00:00,0.64933,0.64954,0.64401,0.64548,108567
2024.11.15,00:00:00,0.64549,0.64809,0.64424,0.64572,94492
2024.11.17,00:00:00,0.64598,0.64644,0.64565,0.64644,2621
2024.11.18,00:00:00,0.64645,0.65108,0.64475,0.65052,75117
2024.11.19,00:00:00,0.65053,0.6541,0.64818,0.65409,95243
2024.11.20,00:00:00,0.6541,0.65439,0.6484,0.65112,68970
2024.11.21,00:00:00,0.65113,0.65319,0.64967,0.6509,85692
2024.11.22,00:00:00,0.6509,0.65211,0.64707,0.64968,108711
2024.11.24,00:00:00,0.65373,0.65482,0.65227,0.65389,4842
2024.11.25,00:00:00,0.65388,0.65494,0.64546,0.64629,86850
2024.11.26,00:00:00,0.64629,0.65072,0.64334,0.64738,106989
2024.11.27,00:00:00,0.6474,0.65029,0.64587,0.64962,86723
2024.11.28,00:00:00,0.64962,0.65089,0.64768,0.65066,48325
2024.11.29,00:00:00,0.65066,0.65276,0.64954,0.65068,83893
2024.12.01,00:00:00,0.651,0.65136,0.64973,0.65013,3150
2024.12.02,00:00:00,0.65011,0.65104,0.64425,0.64743,91088
2024.12.03,00:00:00,0.64741,0.65042,0.64548,0.64848,74510
2024.12.04,00:00:00,0.64846,0.64879,0.63988,0.64311,92778
2024.12.05,00:00:00,0.64313,0.64552,0.6421,0.64503,64672
2024.12.06,00:00:00,0.64504,0.64508,0.63723,0.63868,74858
2024.12.08,00:00:00,0.63881,0.64015,0.63877,0.63991,2219
2024.12.09,00:00:00,0.6399,0.6471,0.63798,0.64369,64381
2024.12.10,00:00:00,0.64372,0.64376,0.63648,0.63751,71785
2024.12.11,00:00:00,0.6375,0.63888,0.63363,0.6383,83836
2024.12.12,00:00:00,0.63831,0.6429,0.6359,0.63706,83791
2024.12.13,00:00:00,0.63707,0.63833,0.63513,0.6357,60887
2024.12.15,00:00:00,0.63502,0.63678,0.63502,0.63665,2020
2024.12.16,00:00:00,0.63664,0.63823,0.63448,0.6376,54849
2024.12.17,00:00:00,0.63761,0.63775,0.63311,0.63388,53012
2024.12.18,00:00:00,0.63388,0.63388,0.61995,0.62045,89661
2024.12.19,00:00:00,0.62043,0.62648,0.61985,0.62304,98374
2024.12.20,00:00:00,0.62305,0.62739,0.62145,0.62476,82713
2024.12.22,00:00:00,0.62558,0.62575,0.62448,0.62541,2668
2024.12.23,00:00:00,0.62541,0.62646,0.62182,0.62428,61397
2024.12.24,00:00:00,0.62427,0.62481,0.62191,0.62257,44731
2024.12.25,00:00:00,0.62258,0.62462,0.62214,0.62428,2215
2024.12.26,00:00:00,0.62428,0.62537,0.62135,0.62225,44414
2024.12.27,00:00:00,0.62225,0.62256,0.61999,0.62146,49957
2024.12.29,00:00:00,0.62126,0.62339,0.62105,0.62243,2301
2024.12.30,00:00:00,0.62245,0.62464,0.62015,0.62176,55853
2024.12.31,00:00:00,0.62178,0.62311,0.61785,0.61867,54555
2025.01.01,00:00:00,0.61804,0.61939,0.61796,0.6193,2460
2025.01.02,00:00:00,0.6193,0.62223,0.61878,0.62006,85179
2025.01.03,00:00:00,0.62007,0.62248,0.61975,0.62148,58487
2025.01.05,00:00:00,0.62094,0.62243,0.6204,0.62203,2342
2025.01.06,00:00:00,0.62205,0.63018,0.62183,0.62376,86019
2025.01.07,00:00:00,0.62379,0.62878,0.62268,0.62336,79904
2025.01.08,00:00:00,0.62336,0.62416,0.61871,0.62105,79675
2025.01.09,00:00:00,0.62105,0.62125,0.61715,0.61893,48434
2025.01.10,00:00:00,0.61893,0.62055,0.61389,0.61426,80630
2025.01.12,00:00:00,0.61441,0.61583,0.61414,0.61531,2442
2025.01.13,00:00:00,0.61531,0.62025,0.61306,0.61904,70595
2025.01.14,00:00:00,0.61906,0.62069,0.61656,0.61905,75253
2025.01.15,00:00:00,0.61903,0.62461,0.61808,0.62349,69710
2025.01.16,00:00:00,0.62349,0.62456,0.61916,0.62093,72438
2025.01.17,00:00:00,0.62093,0.62268,0.61637,0.61896,61277
2025.01.19,00:00:00,0.61964,0.61997,0.61893,0.6197,1909
2025.01.20,00:00:00,0.6197,0.62862,0.61964,0.62798,76696
2025.01.21,00:00:00,0.62799,0.62885,0.62077,0.62614,98813
2025.01.22,00:00:00,0.62614,0.62951,0.62524,0.62724,65572
2025.01.23,00:00:00,0.62723,0.62993,0.62546,0.62823,66387
2025.01.24,00:00:00,0.62823,0.63303,0.62781,0.63097,83661
2025.01.26,00:00:00,0.63026,0.63045,0.62905,0.6293,2498
2025.01.27,00:00:00,0.62932,0.63074,0.62563,0.62591,89141
2025.01.28,00:00:00,0.62591,0.62737,0.62363,0.62509,59531
2025.01.29,00:00:00,0.6251,0.62553,0.62097,0.62388,72874
2025.01.30,00:00:00,0.62388,0.62429,0.61984,0.62137,64194
2025.01.31,00:00:00,0.62135,0.62621,0.62034,0.62058,83094
2025.02.02,00:00:00,0.61611,0.61656,0.61369,0.61411,9440
2025.02.03,00:00:00,0.61411,0.62367,0.60873,0.6217,137011
2025.02.04,00:00:00,0.62169,0.62615,0.61702,0.62488,69851
2025.02.05,00:00:00,0.62491,0.62964,0.62397,0.62833,59668
2025.02.06,00:00:00,0.62833,0.62876,0.62547,0.62808,47963
2025.02.07,00:00:00,0.62807,0.63004,0.62525,0.62696,72957
2025.02.09,00:00:00,0.62326,0.62605,0.62326,0.62574,4276
2025.02.10,00:00:00,0.62573,0.62869,0.6252,0.62695,47311
2025.02.11,00:00:00,0.62697,0.63015,0.62599,0.62961,44772
2025.02.12,00:00:00,0.62963,0.63089,0.62347,0.62812,66122
2025.02.13,00:00:00,0.62815,0.63224,0.62544,0.6316,69373
2025.02.14,00:00:00,0.63159,0.63672,0.631,0.63475,48825
2025.02.16,00:00:00,0.63444,0.63562,0.63444,0.6356,2407
2025.02.17,00:00:00,0.63559,0.63734,0.63484,0.63549,28197
2025.02.18,00:00:00,0.63548,0.63673,0.63338,0.63518,36257
2025.02.19,00:00:00,0.63517,0.63696,0.63362,0.63401,39344
2025.02.20,00:00:00,0.63403,0.6408,0.63273,0.6402,55195
2025.02.21,00:00:00,0.6402,0.64075,0.63513,0.63534,53130
2025.02.23,00:00:00,0.63603,0.63737,0.63582,0.63684,3395
2025.02.24,00:00:00,0.63685,0.63916,0.6336,0.63382,61588
2025.02.25,00:00:00,0.63381,0.6356,0.63216,0.63509,64883
2025.02.26,00:00:00,0.63508,0.63522,0.62953,0.63086,66102
2025.02.27,00:00:00,0.63089,0.63096,0.623,0.62309,73618
2025.02.28,00:00:00,0.62311,0.62374,0.61922,0.62025,68998
2025.03.02,00:00:00,0.62135,0.62234,0.62077,0.62195,3251
2025.03.03,00:00:00,0.62194,0.62541,0.62034,0.62152,74473
2025.03.04,00:00:00,0.62153,0.62792,0.61867,0.62675,119477
2025.03.05,00:00:00,0.62674,0.63418,0.62335,0.63361,112771
2025.03.06,00:00:00,0.63362,0.63634,0.63199,0.63312,99696
2025.03.07,00:00:00,0.63312,0.63369,0.62815,0.63031,86809
2025.03.09,00:00:00,0.63068,0.63114,0.62951,0.63025,5655
2025.03.10,00:00:00,0.63027,0.63305,0.62639,0.62797,80046
2025.03.11,00:00:00,0.62799,0.63113,0.62584,0.62948,92614
2025.03.12,00:00:00,0.62949,0.63282,0.62761,0.6328,70592
2025.03.13,00:00:00,0.63279,0.63334,0.62687,0.62857,62326
2025.03.14,00:00:00,0.62856,0.63309,0.62773,0.63207,57088
2025.03.16,00:00:00,0.63195,0.63334,0.6315,0.63249,3063
2025.03.17,00:00:00,0.63249,0.63905,0.63207,0.63803,48356
2025.03.18,00:00:00,0.63802,0.63905,0.63435,0.6361,44927
2025.03.19,00:00:00,0.63611,0.63661,0.6319,0.63628,53565
2025.03.20,00:00:00,0.63627,0.63631,0.62707,0.63017,55027
2025.03.21,00:00:00,0.63017,0.63057,0.62575,0.62676,42949
2025.03.23,00:00:00,0.62664,0.62884,0.62663,0.62884,3156
2025.03.24,00:00:00,0.62885,0.63048,0.62672,0.62862,42750
2025.03.25,00:00:00,0.62861,0.6325,0.62781,0.63064,40902
2025.03.26,00:00:00,0.63062,0.63301,0.6278,0.62858,51947
2025.03.27,00:00:00,0.62858,0.63178,0.62853,0.63005,49240
2025.03.28,00:00:00,0.63005,0.63117,0.62804,0.62829,45760
2025.03.30,00:00:00,0.62843,0.62905,0.62686,0.62819,5142
2025.03.31,00:00:00,0.62819,0.62999,0.62183,0.62395,58796
2025.04.01,00:00:00,0.62391,0.62902,0.62314,0.62875,61429
2025.04.02,00:00:00,0.62876,0.63403,0.62255,0.62633,75741
2025.04.03,00:00:00,0.62632,0.63887,0.62554,0.63253,124005
2025.04.04,00:00:00,0.63252,0.63314,0.59862,0.60372,209316
2025.04.06,00:00:00,0.59919,0.60096,0.59319,0.59861,29282
2025.04.07,00:00:00,0.59862,0.61267,0.59439,0.59963,288889
2025.04.08,00:00:00,0.59966,0.60848,0.59394,0.59525,188150
2025.04.09,00:00:00,0.59525,0.61751,0.59132,0.61327,250403
2025.04.10,00:00:00,0.61323,0.6249,0.61152,0.62225,219822
2025.04.11,00:00:00,0.62225,0.63003,0.61807,0.62865,233796
2025.04.13,00:00:00,0.6303,0.63055,0.62777,0.63002,11090
2025.04.14,00:00:00,0.63003,0.63423,0.62747,0.63184,116077
2025.04.15,00:00:00,0.63183,0.63826,0.63183,0.63372,88576
2025.04.16,00:00:00,0.6337,0.63911,0.63304,0.63685,92502
2025.04.17,00:00:00,0.63686,0.63934,0.63327,0.63885,73884
2025.04.18,00:00:00,0.63885,0.63928,0.63665,0.63731,378503
2025.04.20,00:00:00,0.63684,0.63927,0.63659,0.63893,8216
2025.04.21,00:00:00,0.63891,0.64373,0.63829,0.6421,59101
2025.04.22,00:00:00,0.64211,0.64389,0.63486,0.63754,90618
2025.04.23,00:00:00,0.63754,0.64351,0.63517,0.63634,94421
2025.04.24,00:00:00,0.63634,0.64139,0.63432,0.63997,67026
2025.04.25,00:00:00,0.63996,0.64206,0.6374,0.63957,57426
2025.04.27,00:00:00,0.63835,0.64052,0.63799,0.63818,3861
2025.04.28,00:00:00,0.6382,0.64347,0.63674,0.64275,58323
2025.04.29,00:00:00,0.64274,0.64493,0.63744,0.63868,57668
2025.04.30,00:00:00,0.63867,0.64173,0.63554,0.641,66505
2025.05.01,00:00:00,0.64101,0.64268,0.63645,0.63848,55772
2025.05.02,00:00:00,0.63849,0.64695,0.63815,0.64414,70980
2025.05.04,00:00:00,0.64428,0.64574,0.64402,0.64433,4141
2025.05.05,00:00:00,0.64435,0.64934,0.64338,0.64603,54396
2025.05.06,00:00:00,0.64604,0.65141,0.64374,0.65028,62472
2025.05.07,00:00:00,0.65027,0.65114,0.64205,0.64303,70852
2025.05.08,00:00:00,0.64305,0.6464,0.63913,0.63931,67277
2025.05.09,00:00:00,0.63929,0.6432,0.63703,0.6409,43907
2025.05.11,00:00:00,0.64284,0.6431,0.64162,0.64186,6346
2025.05.12,00:00:00,0.64188,0.64603,0.63535,0.6372,79490
2025.05.13,00:00:00,0.63721,0.64782,0.63608,0.64716,65355
2025.05.14,00:00:00,0.64717,0.65007,0.64196,0.64267,68594
2025.05.15,00:00:00,0.6427,0.64571,0.639,0.64036,57927
2025.05.16,00:00:00,0.64037,0.64356,0.63874,0.64003,45987
2025.05.18,00:00:00,0.63957,0.64124,0.6395,0.64087,3933
2025.05.19,00:00:00,0.64088,0.64645,0.63978,0.64537,47912
2025.05.20,00:00:00,0.64539,0.64546,0.63912,0.64251,52290
2025.05.21,00:00:00,0.64249,0.64688,0.64224,0.6432,62639
2025.05.22,00:00:00,0.64325,0.64582,0.64067,0.64083,55670
2025.05.23,00:00:00,0.64085,0.64991,0.64079,0.64925,56306
2025.05.25,00:00:00,0.64824,0.65063,0.64821,0.65014,5265
2025.05.26,00:00:00,0.65013,0.6537,0.64794,0.64796,35032
2025.05.27,00:00:00,0.64795,0.64954,0.64343,0.64471,50768
2025.05.28,00:00:00,0.64473,0.64529,0.64095,0.64219,57279
2025.05.29,00:00:00,0.64218,0.64597,0.64067,0.64434,63794
2025.05.30,00:00:00,0.64434,0.6452,0.64071,0.64283,57956
2025.06.01,00:00:00,0.64326,0.64499,0.64307,0.64424,2879
2025.06.02,00:00:00,0.64425,0.64999,0.6442,0.64982,50487
2025.06.03,00:00:00,0.64981,0.64987,0.64439,0.64638,47563
2025.06.04,00:00:00,0.64637,0.65044,0.64501,0.64891,45905
2025.06.05,00:00:00,0.64891,0.65375,0.64855,0.65097,60466
2025.06.06,00:00:00,0.65096,0.65166,0.64791,0.64877,52597
2025.06.08,00:00:00,0.6496,0.65012,0.6494,0.64982,2110
2025.06.09,00:00:00,0.64984,0.65334,0.64934,0.65161,35042
2025.06.10,00:00:00,0.65163,0.65328,0.64895,0.65284,50272
2025.06.11,00:00:00,0.65286,0.65455,0.64956,0.65083,49901
2025.06.12,00:00:00,0.65084,0.65332,0.64768,0.65267,57699
2025.06.13,00:00:00,0.65266,0.65268,0.64559,0.64821,86166
2025.06.15,00:00:00,0.64801,0.64937,0.64759,0.64915,6353
2025.06.16,00:00:00,0.64916,0.65516,0.64661,0.65119,56024
