entry_date,exit_date,buy_pair,sell_pair,entry_buy_price,exit_buy_price,entry_sell_price,exit_sell_price,buy_size,sell_size,buy_profit_pct,sell_profit_pct,total_profit_pct,buy_spread_cost_pct,sell_spread_cost_pct,buy_swap_cost_pct,sell_swap_cost_pct,total_cost_pct,net_profit_pct,duration_days,year
2020-01-05,2020-02-16,AUDUSD,EURUSD,0.69432,0.67252,1.11604,1.08411,1.0,1.3,-3.139762645466073,3.7193111358015862,0.579548490335513,0.017283097131005874,0.011648328016916957,-0.0006297676488832278,0.00019589811923076357,0.028497555618270366,0.5510509347172426,42,2020
2020-01-06,2020-02-13,AUDUSD,EURUSD,0.69364,0.67186,1.11954,1.08413,1.0,1.3,-3.1399573265670986,4.111778051699798,0.9718207251326998,0.017300040366760853,0.011611912035300213,-0.0005703483627763168,0.00017668704930425192,0.028518291088589002,0.9433024340441107,38,2020
2020-01-08,2020-01-27,EURUSD,AUDUSD,1.11129,1.10193,0.68749,0.67614,1.3,1.0,-1.0949437140620144,1.6509331044815316,0.5559893904195172,0.011698116603226883,0.01745479934253589,-0.0003091557053834881,-0.00022942301327620802,0.028614337227103076,0.5273750531924142,19,2020
2020-01-12,2020-01-22,EURUSD,AUDUSD,1.11161,1.10957,0.68996,0.6841,1.3,1.0,-0.2385728807765362,0.8493245985274475,0.6107517177509112,0.011694749057673105,0.017392312597831756,-0.00016266668868417808,-0.00012031668303979504,0.02880407828378089,0.5819476394671304,10,2020
2020-01-13,2020-02-13,AUDUSD,EURUSD,0.6897,0.67186,1.11344,1.08413,1.0,1.3,-2.586631868928515,3.422097284092536,0.8354654151640211,0.01739886907351022,0.011675528093116828,-0.0004679421864976037,0.00014492910530760402,0.028751384085437048,0.806714031078584,31,2020
2020-01-20,2020-02-13,AUDUSD,EURUSD,0.68752,0.67186,1.10962,1.08413,1.0,1.3,-2.277751919944148,2.9863376651466282,0.7085857452024804,0.01745403770072143,0.011715722499594456,-0.0003634265384259805,0.00011258945120790454,0.028918923113097808,0.6796668220893826,24,2020
2020-01-22,2020-01-23,AUDUSD,EURUSD,0.6841,0.68482,1.10957,1.10554,1.0,1.3,0.10524777079373526,0.47216489270618095,0.5774126634999162,0.017541295132290597,0.011716250439359394,-1.5218475228927918e-05,4.691438532093329e-06,0.029247018534953154,0.548165644964963,1,2020
2020-01-23,2020-01-27,EURUSD,AUDUSD,1.10554,1.10193,0.68482,0.67614,1.3,1.0,-0.4244984351538487,1.2674863467772584,0.8429879116234096,0.01175895942254464,0.017522852720422883,-6.542392597580157e-05,-4.8487893829115376e-05,0.029167900323162608,0.813820011300247,4,2020
2020-01-26,2020-02-13,AUDUSD,EURUSD,0.68009,0.67186,1.10245,1.08413,1.0,1.3,-1.2101339528591746,2.160279377749545,0.9501454248903705,0.017644723492478934,0.011791918000816365,-0.0002755477367318628,8.499127410493563e-05,0.029246085030668372,0.9208993398597021,18,2020
2020-01-30,2020-02-05,AUDUSD,EURUSD,0.67052,0.67511,1.10285,1.10003,1.0,1.3,0.6845433394977007,0.33241147934896476,1.0169548188466655,0.01789655789536479,0.01178764111166523,-9.316016438683041e-05,2.8320149351524464e-05,0.029619358991994714,0.9873354598546707,6,2020
2020-01-31,2020-02-04,AUDUSD,EURUSD,0.6685,0.67307,1.10944,1.10446,1.0,1.3,0.6836200448765839,0.5835376406114778,1.2671576854880617,0.01795063575168287,0.0117176233054514,-6.229444370447024e-05,1.87679530287525e-05,0.029624732566458555,1.2375329529216033,4,2020
2020-04-06,2020-04-07,EURUSD,AUDUSD,1.07988,1.08935,0.61163,0.61514,1.3,1.0,1.1400340778605138,-0.5738763631607365,0.5661577146997773,0.012038374634218618,0.01961970472344391,-1.674463068194792e-05,-1.3572535459368732e-05,0.03162776219152121,0.5345299525082561,1,2020
2020-04-08,2025-04-03,EURUSD,AUDUSD,1.08599,1.1045,0.62326,0.63253,1.3,1.0,2.2157662593578245,-1.4873407566665597,0.7284255026912647,0.011970644296908813,0.019253602028046077,-0.03032041845033261,-0.024254395469864815,-0.023350567595242535,0.7517760702865073,1821,2020
2020-04-13,2020-04-15,EURUSD,AUDUSD,1.09198,1.09037,0.63987,0.6308,1.3,1.0,-0.1916701771094577,1.4174754246956447,1.225805247586187,0.011904979944687633,0.01875380936752778,-3.3118173924104696e-05,-2.5947051316716512e-05,0.030599724086974592,1.1952055234992123,2,2020
2020-04-16,2020-04-21,EURUSD,AUDUSD,1.08584,1.08563,0.63589,0.6292,1.3,1.0,-0.025141825683320553,1.0520687540297808,1.0269269283464604,0.011972297944448538,0.018871188413090313,-8.326361057256098e-05,-6.527363115486719e-05,0.030694949115811422,0.996231979230649,5,2020
2020-04-22,2020-05-03,EURUSD,AUDUSD,1.08062,1.09608,0.62963,0.6376,1.3,1.0,1.8598582295349004,-1.265822784810114,0.5940354447247864,0.01203013085080787,0.01905881231834569,-0.00018406480500919947,-0.00014502972935398676,0.030759848634790372,0.563275596089996,11,2020
2020-04-23,2020-05-01,EURUSD,AUDUSD,1.07743,1.09777,0.63756,0.64149,1.3,1.0,2.4541733569698025,-0.6164125729343104,1.8377607840354921,0.012065749050982429,0.018821757952192732,-0.0001342616543502365,-0.00010416424948884746,0.03064908109933608,1.807111702936156,8,2020
2020-04-30,2020-05-07,AUDUSD,EURUSD,0.64941,0.65002,1.09448,1.08361,1.0,1.3,0.09393141466869918,1.2911154155397921,1.3850468302084913,0.01847831108236707,0.0118777867114977,-0.0001122198800892612,3.329284789524118e-05,0.03027717076167075,1.3547696594468206,7,2020
2020-05-01,2020-05-04,AUDUSD,EURUSD,0.64149,0.64252,1.09777,1.0903,1.0,1.3,0.16056368766465187,0.8846115306484807,1.0451752183131326,0.0187064490483094,0.011842189165307852,-4.868801807094228e-05,1.4225601315543679e-05,0.030514175796861852,1.0146610425162708,3,2020
2020-05-04,2020-10-19,EURUSD,AUDUSD,1.0903,1.17683,0.64252,0.70534,1.3,1.0,10.317252132440613,-9.777127560231587,0.5401245722090255,0.0119233238558195,0.018676461433107142,-0.002786213169933121,-0.0021705629972394655,0.02564300912175406,0.5144815630872714,168,2020
2020-05-05,2020-08-05,EURUSD,AUDUSD,1.08384,1.1872,0.64327,0.71973,1.3,1.0,12.397401830528507,-11.886144231815562,0.5112575987129446,0.01199439031591379,0.01865468621263233,-0.0015348775131344263,-0.001187255782793011,0.027926943232618684,0.48333065548032594,92,2020
2020-05-12,2020-05-14,AUDUSD,EURUSD,0.64512,0.647,1.08454,1.0806,1.0,1.3,0.29141865079364965,0.4722739594666929,0.7636926102603425,0.018601190476190473,0.011986648717428588,-3.227603826918895e-05,9.599423630395917e-06,0.030565162578980266,0.7331274476813623,2,2020
2020-05-13,2020-05-15,EURUSD,AUDUSD,1.0821,1.08183,0.64525,0.64126,1.3,1.0,-0.03243692819517514,0.6183649748159532,0.585928046620778,0.012013677109324463,0.018597442851607904,-3.3420555920565416e-05,-2.573070860290956e-05,0.03055196869640889,0.5553760779243692,2,2020
2020-05-14,2020-05-15,EURUSD,AUDUSD,1.0806,1.08183,0.647,0.64126,1.3,1.0,0.14797334813993002,0.8871715610509996,1.0351449091909295,0.012030353507310755,0.018547140649149918,-1.6733473793098203e-05,-1.2830556202494124e-05,0.030547930126465082,1.0045969790644644,1,2020
2020-05-15,2020-05-18,AUDUSD,EURUSD,0.64126,0.65229,1.08183,1.09139,1.0,1.3,1.7200511492998134,-1.148794172836769,0.5712569764630444,0.018713158469263635,0.01201667544808334,-4.870548094739849e-05,1.4435205490848268e-05,0.030695563641890425,0.540561412821154,3,2020
2020-05-25,2020-05-28,EURUSD,AUDUSD,1.09016,1.10779,0.65494,0.6632,1.3,1.0,2.102351948337863,-1.261184230616552,0.841167717721311,0.011924855067146108,0.018322289064647144,-4.9760196065225055e-05,-3.8025024565671806e-05,0.030159358911162358,0.8110083588101487,3,2020
2020-05-27,2020-06-01,AUDUSD,EURUSD,0.66207,0.67835,1.10166,1.11251,1.0,1.3,2.458954491216935,-1.2803405769475187,1.1786139142694163,0.018124971679731747,0.011800373981083093,-7.86243063732656e-05,2.3625617032726954e-05,0.0298703469714743,1.148743567297942,5,2020
2020-05-31,2020-06-01,AUDUSD,EURUSD,0.6658,0.67835,1.11156,1.11251,1.0,1.3,1.8849504355662454,-0.11110511353413297,1.7738453220321124,0.018023430459597475,0.011695275108856023,-1.5636766152162194e-05,4.683039558867532e-06,0.029707751841860204,1.7441375701902522,1,2020
2020-06-05,2020-06-09,EURUSD,AUDUSD,1.12911,1.1332,0.69668,0.69389,1.3,1.0,0.47090186075757945,0.4004708043865131,0.8713726651440925,0.011513492928058382,0.01722455072630189,-6.405821144378109e-05,-4.7662455434424405e-05,0.028626322987482068,0.8427463421566105,4,2020
2020-06-08,2020-06-09,EURUSD,AUDUSD,1.1304,1.1332,0.70231,0.69389,1.3,1.0,0.3220099079971592,1.1989007703151007,1.52091067831226,0.011500353857041757,0.017086471785963463,-1.599627723002647e-05,-1.1820093495769244e-05,0.028559009272279424,1.4923516690399805,1,2020
2020-06-09,2020-06-25,AUDUSD,EURUSD,0.69389,0.68876,1.1332,1.12179,1.0,1.3,-0.7393102653158236,1.3089481115425252,0.5696378462267017,0.017293807375808844,0.011471937875044124,-0.00024006015718017757,7.349776847235855e-05,0.028599182862145148,0.5410386633645565,16,2020
2020-06-12,2020-06-14,EURUSD,AUDUSD,1.1255,1.12515,0.68638,0.68252,1.3,1.0,-0.040426477121262155,0.5623706984469208,0.5219442213256587,0.011550422034651269,0.017483026894723037,-3.21318379046147e-05,-2.4188845429685297e-05,0.028977128246040006,0.49296709307961867,2,2020
2020-06-21,2020-06-25,AUDUSD,EURUSD,0.68191,0.68876,1.11766,1.12179,1.0,1.3,1.0045313897728472,-0.4803786482472269,0.5241527415256202,0.017597630185801644,0.011631444267487428,-6.106940155803312e-05,1.862992127142349e-05,0.029186634973002463,0.49496610655261775,4,2020
2020-06-25,2020-06-29,EURUSD,AUDUSD,1.12179,1.12467,0.68876,0.68713,1.3,1.0,0.333752306581445,0.23665718102096814,0.5704094876024132,0.011588621756300198,0.01742261455369069,-6.447620956086939e-05,-4.821052246363725e-05,0.028898549577966382,0.5415109380244468,4,2020
2020-06-28,2020-07-02,AUDUSD,EURUSD,0.68596,0.69185,1.12219,1.12372,1.0,1.3,0.858650650183677,-0.1772427129095822,0.6814079372740949,0.01749373141291037,0.011584491039841738,-6.070883960644696e-05,1.8554716944741245e-05,0.0290360683300904,0.6523718689440045,4,2020
2020-06-30,2020-07-13,EURUSD,AUDUSD,1.12335,1.13447,0.68994,0.69358,1.3,1.0,1.2868651800418414,-0.5275821085891492,0.7592830714526921,0.011572528597498553,0.01739281676667536,-0.00020925668148901494,-0.00015641622201811474,0.028599672460666782,0.7306833989920254,13,2020
2020-07-02,2020-07-13,EURUSD,AUDUSD,1.12372,1.13447,0.69185,0.69358,1.3,1.0,1.2436372049976905,-0.2500542025005434,0.993583002497147,0.01156871818602499,0.017344800173448,-0.000177005045375219,-0.00013198680131986802,0.0286045265127779,0.9649784759843691,11,2020
2020-07-10,2021-01-06,AUDUSD,EURUSD,0.69479,0.78152,1.1299,1.23382,1.0,1.3,12.482908504728044,-11.95645632356846,0.5264521811595841,0.017271405748499544,0.011505442959553944,-0.0026971784319574635,0.00082926480340726,0.026908935079503284,0.4995432460800809,180,2020
2020-07-13,2020-07-21,AUDUSD,EURUSD,0.69358,0.71377,1.13447,1.1535,1.0,1.3,2.9109835923757954,-2.1806658615917427,0.7303177307840527,0.01730153695319934,0.01145909543663561,-0.00012008372679846119,3.670774512894863e-05,0.028677256408165437,0.7016404743758873,8,2020
2020-07-22,2021-01-05,AUDUSD,EURUSD,0.71362,0.77618,1.15646,1.22984,1.0,1.3,8.766570443653478,-8.248793732597756,0.5177767110557223,0.016815672206496452,0.011241201597980043,-0.0024363528726581395,0.0007517035336225643,0.02637222446544092,0.4914044865902814,167,2020
2020-07-23,2020-11-11,AUDUSD,EURUSD,0.70983,0.72833,1.15952,1.17792,1.0,1.3,2.6062578363833695,-2.062922588657372,0.5433352477259974,0.01690545623600017,0.011211535807920519,-0.0016280185936860434,0.0004983167338019888,0.026987290184036634,0.5163479575419607,111,2020
2020-08-13,2020-08-24,AUDUSD,EURUSD,0.71472,0.71688,1.18155,1.17934,1.0,1.3,0.30221625251846035,0.24315517752105784,0.5453714300395182,0.016789791806581595,0.011002496720409633,-0.00016023134646463716,4.8461998199486036e-05,0.027680519178726076,0.5176909108607921,11,2020
2020-08-23,2020-08-26,AUDUSD,EURUSD,0.71591,0.72443,1.17981,1.184,1.0,1.3,1.1900937268651048,-0.46168450852254944,0.7284092183425555,0.016761883476973362,0.011018723353760352,-4.36268200085608e-05,1.3236401078279028e-05,0.027750216411803433,0.700659001930752,3,2020
2020-08-24,2020-10-19,EURUSD,AUDUSD,1.17934,1.17683,0.71688,0.70534,1.3,1.0,-0.2766801770481809,1.609753375739314,1.3330731986911333,0.011023114623433446,0.016739203213927016,-0.0008586181590771341,-0.0006484721464244602,0.026255227531858865,1.3068179711592744,56,2020
2020-08-27,2020-09-23,EURUSD,AUDUSD,1.18205,1.16568,0.72689,0.70638,1.3,1.0,-1.8003468550399726,2.8216098721952463,1.0212630171552737,0.01099784273084895,0.016508687696900493,-0.0004130275183640216,-0.0003083506256811482,0.02678515228370427,0.9944778648715694,27,2020
2020-10-14,2020-11-03,AUDUSD,EURUSD,0.71406,0.71962,1.17447,1.17616,1.0,1.3,0.7786460521524815,-0.18706310080293653,0.591582951349545,0.01680531047811108,0.011068822532716885,-0.0002915989945973613,8.864388961922903e-05,0.027671177905849834,0.5639117734436951,20,2020
2020-10-16,2020-11-03,AUDUSD,EURUSD,0.70763,0.71962,1.17132,1.17616,1.0,1.3,1.6943883102751518,-0.5371717378684076,1.1572165724067442,0.016958014781736218,0.011098589625379914,-0.000264823792481908,7.999404956543584e-05,0.02787177466419966,1.1293447977425446,18,2020
2020-10-19,2020-10-22,AUDUSD,EURUSD,0.70534,0.71268,1.17683,1.18146,1.0,1.3,1.0406328862676175,-0.5114587493520633,0.5291741369155543,0.017013071710097256,0.011046625255984297,-4.4280597601622995e-05,1.3269918642594412e-05,0.028028686287122524,0.5011454506284317,3,2020
2020-10-20,2020-10-21,AUDUSD,EURUSD,0.70498,0.71038,1.1829,1.18516,1.0,1.3,0.7659791767142273,-0.24837264350324686,0.5176065332109805,0.01702175948253851,0.010989939978020119,-1.4767736537362179e-05,4.400608210376866e-06,0.028001332332231642,0.48960520087874887,1,2020
2020-10-22,2025-03-07,EURUSD,AUDUSD,1.18146,1.08292,0.71268,0.63031,1.3,1.0,-10.842686167961658,11.557781893697024,0.7150957257353667,0.011003334856872006,0.016837851490149856,-0.02444201265719753,-0.01860202008086782,-0.015202846391043495,0.7302985721264103,1597,2020
2020-10-27,2020-10-28,EURUSD,AUDUSD,1.17815,1.17482,0.71225,0.70545,1.3,1.0,-0.36744047871663815,0.9547209547209586,0.5872804760043204,0.011034248610109071,0.016848016848016845,-1.5347953809635376e-05,-1.1655134942806176e-05,0.027855262369373475,0.5594252136349469,1,2020
2020-11-02,2023-08-16,EURUSD,AUDUSD,1.16404,1.08743,0.70525,0.64131,1.3,1.0,-8.555805642417795,9.066288550159516,0.5104829077417214,0.01116800109961857,0.01701524282169443,-0.015798073125576344,-0.011970922581616349,0.00041424821412031076,0.5100686595276012,1017,2020
2020-11-06,2020-11-09,AUDUSD,EURUSD,0.72558,0.72787,1.187,1.1824,1.0,1.3,0.31560958130047884,0.5037910699241961,0.819400651224675,0.016538493343256428,0.010951979780960405,-4.304539363313316e-05,1.3156224394409755e-05,0.02746058395497811,0.7919400672696969,3,2020
2020-11-10,2020-11-19,EURUSD,AUDUSD,1.18184,1.18653,0.72813,0.72674,1.3,1.0,0.515890475868147,0.19089997665252115,0.7067904525206681,0.010999796926825968,0.016480573523958632,-0.00013770030294066646,-0.00010260850228272876,0.027240061645561205,0.6795503908751068,9,2020
2020-11-11,2020-11-12,EURUSD,AUDUSD,1.17792,1.18038,0.72833,0.72393,1.3,1.0,0.2714955175224021,0.6041217579943253,0.8756172755167274,0.011036403151317578,0.01647604794529952,-1.535095064250706e-05,-1.1397813989556517e-05,0.027485702331985034,0.8481315731847424,1,2020
2020-11-12,2020-11-24,AUDUSD,EURUSD,0.72393,0.73659,1.18038,1.18974,1.0,1.3,1.748787866230161,-1.030854470594219,0.7179333956359419,0.01657618830549915,0.011013402463613414,-0.0001725740152353336,5.292003712758394e-05,0.027469936791004814,0.6904634588449371,12,2020
2020-11-17,2020-11-24,AUDUSD,EURUSD,0.72958,0.73659,1.18636,1.18974,1.0,1.3,0.960826777049804,-0.37037661418118617,0.5904501628686178,0.01644781929329203,0.010957887993526417,-9.988858292273243e-05,3.0714417347502915e-05,0.027336533121243217,0.5631136297473747,7,2020
2020-11-18,2020-11-19,EURUSD,AUDUSD,1.18451,1.18653,0.72962,0.72674,1.3,1.0,0.22169504689704375,0.3947260217647534,0.6164210686617971,0.010975002321635107,0.016446917573531426,-1.5265545905751675e-05,-1.1377662157032013e-05,0.027395276687103752,0.5890257919746934,1,2020
2020-11-19,2020-11-20,AUDUSD,EURUSD,0.72674,0.73004,1.18653,1.18544,1.0,1.3,0.4540826155158611,0.119423866231789,0.5735064817476501,0.016512095109667828,0.010956318002916066,-1.4325561967291726e-05,4.387145248796738e-06,0.0274584746958654,0.5460480070517847,1,2020
2020-11-20,2020-12-01,EURUSD,AUDUSD,1.18544,1.20706,0.73004,0.738,1.3,1.0,2.370933999190171,-1.0903512136321252,1.2805827855580458,0.010966392225671482,0.016437455481891402,-0.00016778926777318218,-0.00012508228109850238,0.0271109761586912,1.2534718093993547,11,2020
2020-11-25,2020-12-31,AUDUSD,EURUSD,0.73633,0.76928,1.19162,1.22141,1.0,1.3,4.474895766843661,-3.249945452409348,1.2249503144343126,0.016297040729020953,0.010909518134975916,-0.0005090034638653119,0.000157262600723362,0.02685481800085492,1.1980954964334576,36,2020
2021-01-04,2021-01-05,AUDUSD,EURUSD,0.76692,0.77618,1.22525,1.22984,1.0,1.3,1.2074271110415602,-0.4870026525199039,0.7204244585216564,0.015647003598810823,0.010610079575596818,-1.3575025953306197e-05,4.248503939648884e-06,0.026247756652393983,0.6941767018692624,1,2021
2021-01-14,2021-01-19,EURUSD,AUDUSD,1.21506,1.21391,0.77752,0.77131,1.3,1.0,-0.12303919148025445,0.7986932812017616,0.6756540897215072,0.010699060128717923,0.015433686593270912,-7.440863735462411e-05,-5.338364198357405e-05,0.02600495444265064,0.6496491352788566,5,2021
2021-01-20,2021-01-22,EURUSD,AUDUSD,1.21144,1.21667,0.77544,0.77117,1.3,1.0,0.5612329128970316,0.5506551119364484,1.1118880248334801,0.010731030839331706,0.015475085112968119,-2.9852393483493887e-05,-2.141073419739425e-05,0.026154852824618935,1.0857331720088612,2,2021
2021-01-22,2021-01-26,AUDUSD,EURUSD,0.77117,0.77529,1.21667,1.21632,1.0,1.3,0.5342531478143616,0.037397157815990005,0.5716503056303516,0.015560771295563882,0.01068490223314457,-5.4000850158121234e-05,1.711385816056875e-05,0.026208786536710896,0.5454415190936407,4,2021
2021-01-25,2021-01-29,EURUSD,AUDUSD,1.21426,1.21298,0.77143,0.76405,1.3,1.0,-0.13703819610297072,0.9566648950650017,0.819626698962031,0.010706109070545027,0.015555526749024537,-5.956612844307453e-05,-4.3044060319218583e-05,0.02615902563080727,0.7934676733312237,4,2021
2021-01-29,2021-02-01,AUDUSD,EURUSD,0.76405,0.76331,1.21298,1.20676,1.0,1.3,-0.09685230024212589,0.666622697818584,0.5697703975764581,0.015705778417642823,0.010717406717340765,-4.0878053415782686e-05,1.2874440103022624e-05,0.026395181521670828,0.5433752160547872,3,2021
2021-04-11,2021-04-23,EURUSD,AUDUSD,1.18958,1.20938,0.7621,0.77438,1.3,1.0,2.1637889002841137,-1.611337094869434,0.5524518054146796,0.010928226769111786,0.015745965096444034,-0.00018240580824313031,-0.0001307130801156861,0.026361072977197003,0.5260907324374826,12,2021
2021-04-15,2021-04-19,EURUSD,AUDUSD,1.19692,1.20424,0.77507,0.77641,1.3,1.0,0.7950406042174909,-0.17288761015134216,0.6221529940661488,0.010861210440129667,0.015482472550866372,-6.042907389239688e-05,-4.284191034623297e-05,0.02624041200675741,0.5959125820593913,4,2021
2021-04-16,2021-10-20,AUDUSD,EURUSD,0.77327,0.75146,1.19805,1.16523,1.0,1.3,-2.8204896090628107,3.5612870915237336,0.7407974824609229,0.015518512291954945,0.010850966153332501,-0.0025176837522062063,0.0008125075393633376,0.02466430223244458,0.7161331802284784,187,2021
2021-04-26,2021-04-28,EURUSD,AUDUSD,1.20793,1.21348,0.77964,0.78006,1.3,1.0,0.5973028238391237,-0.05387101739263967,0.543431806446484,0.010762213042146484,0.015391719255040789,-2.9939138494485475e-05,-2.129539239396054e-05,0.026102697766298828,0.5173291086801852,2,2021
2021-04-27,2021-05-05,AUDUSD,EURUSD,0.77671,0.77506,1.20892,1.20074,1.0,1.3,-0.21243449936270167,0.8796280978063147,0.667193598443613,0.015449781771832472,0.010753399728683454,-0.00010723136206933953,3.444713927839589e-05,0.02613039727772498,0.6410632011658881,8,2021
2021-05-05,2021-05-12,EURUSD,AUDUSD,1.20074,1.20777,0.77506,0.7732,1.3,1.0,0.7611139797125206,0.2399814207932254,1.001095400505746,0.010826656894914806,0.015482672309240575,-0.0001054144464794655,-7.497431042899374e-05,0.02612894044724692,0.9749664600584991,7,2021
2021-05-11,2021-10-14,AUDUSD,EURUSD,0.78371,0.74131,1.2144,1.15903,1.0,1.3,-5.410164474103941,5.927289196310927,0.5171247222069857,0.015311786247463984,0.01070487483530962,-0.002072334905821153,0.0006686880719042719,0.024613014248856722,0.492511707958129,156,2021
2021-05-17,2021-10-07,AUDUSD,EURUSD,0.7773,0.73162,1.21563,1.15592,1.0,1.3,-5.876752862472655,6.385413324778092,0.5086604623054374,0.015438054805094558,0.010694043417816277,-0.0019153057034448362,0.000612343855979069,0.02482913637544507,0.4838313259299923,143,2021
2021-05-23,2021-06-13,AUDUSD,EURUSD,0.77248,0.77072,1.21805,1.21095,1.0,1.3,-0.2278376139188192,0.7577685645088574,0.5299309505900383,0.015534382767191381,0.010672796683223186,-0.000283023686032391,8.974596157230873e-05,0.026013901725954486,0.5039170488640837,21,2021
2021-05-25,2021-06-04,AUDUSD,EURUSD,0.77497,0.77383,1.22468,1.21644,1.0,1.3,-0.1471024684826548,0.8746774667668316,0.7275749982841768,0.015484470366594833,0.010615017800568312,-0.00013434015386543465,4.250481311081095e-05,0.02600765282640852,0.7015673454577683,10,2021
2021-06-01,2021-07-19,EURUSD,AUDUSD,1.22174,1.17917,0.77553,0.73367,1.3,1.0,-4.529687167482442,5.397599061287121,0.8679118938046786,0.010640561821664186,0.015473289234459012,-0.0007104172782093179,-0.0005137979877305295,0.02488963579018335,0.8430222580144953,48,2021
2021-06-09,2021-06-17,AUDUSD,EURUSD,0.77289,0.75564,1.21784,1.1913,1.0,1.3,-2.2318829328882495,2.833048676345005,0.6011657434567557,0.015526142141831307,0.010674637062339882,-0.00010776135185197984,3.4194833160709415e-05,0.026127212685479916,0.5750385307712758,8,2021
2021-06-10,2021-07-08,EURUSD,AUDUSD,1.21725,1.18463,0.77469,0.74325,1.3,1.0,-3.483754364345848,4.058397552569418,0.5746431882235701,0.010679811049496819,0.01549006699453975,-0.00041593868955679906,-0.00030004047575724936,0.025453898878722517,0.5491892893448476,28,2021
2021-06-15,2021-06-17,AUDUSD,EURUSD,0.76852,0.75564,1.21245,1.1913,1.0,1.3,-1.6759485764846722,2.2677223803043427,0.5917738038196705,0.01561442773122365,0.010722091632644646,-2.709352757015976e-05,8.586711950273899e-06,0.02631801254824841,0.5654557912714221,2,2021
2021-06-23,2021-07-01,EURUSD,AUDUSD,1.19296,1.18457,0.75727,0.7465,1.3,1.0,-0.914280445278983,1.422214005572642,0.507933560293659,0.010897263948497854,0.015846395605266284,-0.0001212593332941384,-8.769786060996683e-05,0.026534702359860034,0.48139885793379894,8,2021
2021-06-24,2021-06-29,EURUSD,AUDUSD,1.19278,1.19002,0.75813,0.75129,1.3,1.0,-0.30080987273427084,0.9022199358948937,0.6014100631606228,0.01089890843240162,0.01582841992798069,-7.579852018319355e-05,-5.474898673719347e-05,0.026596780853461923,0.5748132823071609,5,2021
2021-07-08,2021-07-09,AUDUSD,EURUSD,0.74325,0.74904,1.18463,1.1871,1.0,1.3,0.7790110998991017,-0.2710550973721722,0.5079560025269294,0.016145307769929364,0.010973890581869445,-1.4007344640577988e-05,4.39418168715531e-06,0.027109585188845386,0.48084641733808403,1,2021
2021-07-11,2021-10-06,AUDUSD,EURUSD,0.74891,0.72819,1.18722,1.15549,1.0,1.3,-2.766687585958254,3.4744192314819533,0.7077316455236993,0.016023287177364436,0.010949950304071698,-0.0012094289362640828,0.0003814598072208749,0.026145268352392927,0.6815863771713063,87,2021
2021-07-18,2021-08-11,AUDUSD,EURUSD,0.73877,0.737,1.18125,1.17417,1.0,1.3,-0.2395874223371346,0.7791746031746005,0.5395871808374659,0.016243215073703587,0.01100529100529101,-0.00033821488920588285,0.00010576212220047834,0.02701605331198919,0.5125711275254767,24,2021
2021-07-20,2021-07-30,EURUSD,AUDUSD,1.17813,1.18667,0.73381,0.73415,1.3,1.0,0.942340828261736,-0.046333519575912974,0.8960073086858231,0.011034435928123384,0.01635300690914542,-0.00015348214357347595,-0.00011312696560436215,0.027120833728090963,0.8688864749577322,10,2021
2021-07-22,2021-07-27,EURUSD,AUDUSD,1.17722,1.18203,0.73799,0.73656,1.3,1.0,0.531166646845957,0.1937695632732208,0.7249362101191779,0.011042965630893123,0.016260382932018046,-7.680039321801328e-05,-5.624310534704873e-05,0.027170305064346104,0.6977659050548317,5,2021
2021-07-27,2021-08-10,AUDUSD,EURUSD,0.73656,0.73432,1.18203,1.17195,1.0,1.3,-0.3041164331486939,1.1086013045354033,0.8044848713867094,0.016291951775822745,0.010998028814835496,-0.00019788398047346348,6.165386016325062e-05,0.02715375047034803,0.7773311209163614,14,2021
2021-08-03,2021-08-19,EURUSD,AUDUSD,1.18694,1.16763,0.73961,0.71458,1.3,1.0,-2.114934200549329,3.3842160057327506,1.2692818051834216,0.010952533405226885,0.016224767106988818,-0.00024374868863897984,-0.00017958372359516388,0.026753968099981557,1.24252783708344,16,2021
2021-08-05,2021-08-17,EURUSD,AUDUSD,1.18332,1.17091,0.74024,0.72548,1.3,1.0,-1.3633674745630975,1.993947908786339,0.6305804342232415,0.010986039279315825,0.01621095860801902,-0.0001833707715325212,-0.00013457316323917158,0.026879053952563153,0.6037013802706783,12,2021
2021-08-10,2021-08-15,EURUSD,AUDUSD,1.17195,1.1794,0.73432,0.73648,1.3,1.0,0.8264004437049315,-0.29414968950866804,0.5322507541962634,0.011092623405435386,0.016341649417147837,-7.714574760366022e-05,-5.6524198326436006e-05,0.027300602876653125,0.5049501513196103,5,2021
2021-08-15,2021-09-30,AUDUSD,EURUSD,0.73648,0.72282,1.1794,1.15736,1.0,1.3,-1.8547686291548997,2.4293708665423166,0.5746022373874169,0.016293721485987397,0.011022553840936072,-0.0006502608483448852,0.00020302870509964434,0.026869043183678228,0.5477331942037387,46,2021
2021-08-20,2021-08-24,AUDUSD,EURUSD,0.71347,0.72481,1.16951,1.17526,1.0,1.3,1.589415112057957,-0.6391565698454821,0.9502585422124749,0.016819207535004974,0.011115766432095494,-5.8368026148875716e-05,1.7803967309573392e-05,0.027894409908261166,0.9223641323042137,4,2021
2021-10-08,2021-10-11,AUDUSD,EURUSD,0.73052,0.73478,1.15721,1.15532,1.0,1.3,0.5831462519848932,0.2123210134720768,0.79546726545697,0.016426654985489786,0.011233916056722635,-4.275430749648026e-05,1.349490443062571e-05,0.027631311639146568,0.7678359538178234,3,2021
2021-10-11,2021-11-30,EURUSD,AUDUSD,1.15532,1.13299,0.73478,0.71242,1.3,1.0,-2.512637191427479,3.043087726938667,0.5304505355111879,0.011252293736800196,0.016331418928114537,-0.0007825620512421633,-0.0005648881204587563,0.02623626249321381,0.5042142730179742,50,2021
2021-10-14,2021-11-09,EURUSD,AUDUSD,1.15903,1.1594,0.74131,0.73754,1.3,1.0,0.04150022001155931,0.5085591722761127,0.550059392287672,0.011216275678800377,0.0161875598602474,-0.00040562969578127387,-0.00029115433008910737,0.026707051513177392,0.5233523407744946,26,2021
2021-10-17,2021-11-09,EURUSD,AUDUSD,1.15963,1.1594,0.74237,0.73754,1.3,1.0,-0.025784086303384548,0.6506189635895849,0.6248348772862004,0.011210472305821685,0.016164446300362352,-0.00035864061033166105,-0.00025719184079275165,0.026759086155059626,0.5980757911311407,23,2021
2021-10-18,2021-10-19,AUDUSD,EURUSD,0.74148,0.74744,1.16131,1.16313,1.0,1.3,0.803797809785829,-0.20373543670509275,0.6000623730807363,0.016183848519177858,0.0111942547640165,-1.4040781820291293e-05,4.482420242704182e-06,0.02736854492161677,0.5726938281591195,1,2021
2021-10-24,2021-11-09,EURUSD,AUDUSD,1.16391,1.1594,0.74682,0.73754,1.3,1.0,-0.5037331065116735,1.2426019656677734,0.7388688591560999,0.011169248481411794,0.016068128866393507,-0.00024857168380128247,-0.00017784997430199937,0.026810955689702015,0.7120579034663979,16,2021
2021-10-25,2021-11-04,EURUSD,AUDUSD,1.16087,1.15552,0.74912,0.74078,1.3,1.0,-0.5991196257978891,1.1133062793677933,0.5141866535699041,0.01119849767846529,0.016018795386586928,-0.00015576414052238338,-0.000110814954386663,0.026950713970143172,0.48723593959976097,10,2021
2021-10-26,2021-10-28,EURUSD,AUDUSD,1.15962,1.16821,0.75119,0.75305,1.3,1.0,0.9629878753384591,-0.24760713002036405,0.715380745318095,0.011210568979493284,0.01597465354970114,-3.118640896297393e-05,-2.2101917924928976e-05,0.027131934202306522,0.6882488111157885,2,2021
2021-10-27,2021-10-29,AUDUSD,EURUSD,0.74995,0.75191,1.15982,1.15529,1.0,1.3,0.2613507567171094,0.5077512027728602,0.7691019594899696,0.016001066737782517,0.011208635822800092,-2.7764408038161446e-05,8.976357455561714e-06,0.02719091451000001,0.7419110449799696,2,2021
2021-10-31,2022-03-01,AUDUSD,EURUSD,0.75173,0.72605,1.15562,1.11322,1.0,1.3,-3.4161201495217743,4.76973399560409,1.353613846082316,0.015963178268793315,0.011249372631141724,-0.0016757692620984399,0.0005450433652053702,0.02608182500304197,1.327532021079274,121,2021
2021-11-05,2021-11-15,AUDUSD,EURUSD,0.73979,0.73447,1.15631,1.13668,1.0,1.3,-0.7191229943632641,2.20693412666154,1.4878111322982757,0.016220819421727786,0.011242659840354233,-0.00014072857032549222,4.5018026758004295e-05,0.02736776871851453,1.4604433635797611,10,2021
2021-11-07,2021-11-12,AUDUSD,EURUSD,0.73947,0.73282,1.15682,1.14413,1.0,1.3,-0.8992927366897824,1.4260645562835903,0.5267718195938079,0.016227838857560142,0.011237703359208867,-7.039473477023808e-05,2.2499089971018807e-05,0.027417646571969788,0.49935417302183815,5,2021
2021-11-09,2021-11-10,AUDUSD,EURUSD,0.73754,0.73333,1.1594,1.14856,1.0,1.3,-0.5708164980882305,1.215456270484729,0.6446397723964984,0.016270303983512757,0.01121269622218389,-1.411578884414349e-05,4.4898045989777426e-06,0.02747337422145148,0.6171663981750469,1,2021
2021-11-12,2021-11-26,EURUSD,AUDUSD,1.14413,1.13071,0.73282,0.7113,1.3,1.0,-1.524826724235881,2.936601075298161,1.41177435106228,0.011362345188046812,0.016375098932889385,-0.00022126042052171237,-0.000158591711582915,0.027357591988831573,1.3844167590734484,14,2021
2021-11-14,2021-11-26,EURUSD,AUDUSD,1.14412,1.13071,0.73316,0.7113,1.3,1.0,-1.5237038072929325,2.9816138359975977,1.4579100287046651,0.011362444498828795,0.016367505046647385,-0.0001896534466400928,-0.00013587271312696326,0.027404423385709125,1.430505605318956,12,2021
2021-11-15,2021-11-18,EURUSD,AUDUSD,1.13668,1.13676,0.73447,0.72759,1.3,1.0,0.009149452792351763,0.9367298868571893,0.9458793396495411,0.011436815990428265,0.01633831198006726,-4.772370002328338e-05,-3.39075926709615e-05,0.027693496677801282,0.9181858429717398,3,2021
2021-11-21,2021-11-26,EURUSD,AUDUSD,1.12752,1.13071,0.72306,0.7113,1.3,1.0,0.367798353909468,1.626421043896771,1.994219397806239,0.011529728962679155,0.016596133100987467,-8.018568087848515e-05,-5.7404432986292275e-05,0.027988271949801843,1.9662311258564371,5,2021
2021-11-23,2022-02-28,AUDUSD,EURUSD,0.72212,0.72582,1.12445,1.12141,1.0,1.3,0.5123802138148834,0.3514607141268986,0.863840927941782,0.016617736664266327,0.011561207701542977,-0.0013984698023855177,0.0004490475404413846,0.027229522103865172,0.8366114058379168,97,2021
2021-11-25,2022-02-27,AUDUSD,EURUSD,0.71727,0.7185,1.12091,1.118,1.0,1.3,0.1714835417625252,0.33749364355746303,0.5089771853199883,0.016730101635367433,0.011597719709878582,-0.001364381804601198,0.00043653377032335384,0.027399973310968172,0.4815772120090201,94,2021
2021-11-26,2021-11-28,AUDUSD,EURUSD,0.7113,0.71421,1.13071,1.12925,1.0,1.3,0.40911008013495964,0.16785913275729603,0.5769692128922557,0.01687051876845213,0.011497200873787266,-2.9273046264894103e-05,9.207452754560929e-06,0.02834765404872906,0.5486215588435266,2,2021
2021-11-28,2021-11-30,EURUSD,AUDUSD,1.12925,1.13299,0.71421,0.71242,1.3,1.0,0.43055125083018025,0.25062656641603426,0.6811778172462145,0.011512065530219173,0.01680178098878481,-3.202513487858652e-05,-2.324629972420912e-05,0.028258575084401185,0.6529192421618133,2,2021
2021-11-30,2021-12-07,AUDUSD,EURUSD,0.71242,0.71217,1.13299,1.12723,1.0,1.3,-0.03509165941440211,0.6609060980238117,0.6258144386094097,0.016843996518907382,0.011474064201802312,-0.00010229459073126403,3.2161233695252e-05,0.02824792736367368,0.597566511245736,7,2021
2022-01-04,2022-01-05,EURUSD,AUDUSD,1.12827,1.13105,0.72382,0.72201,1.3,1.0,0.32031340016130944,0.2500621701527974,0.5703755703141069,0.011522064754003919,0.01657870741344533,-1.602647573791904e-05,-1.1468831840808072e-05,0.028073276859870523,0.5423022934542364,1,2022
2022-01-05,2022-02-24,AUDUSD,EURUSD,0.72201,0.71596,1.13105,1.11905,1.0,1.3,-0.8379385327073031,1.3792493700543753,0.5413108373470722,0.016620268417334938,0.011493744750453118,-0.0007209705477839358,0.00023011712356017832,0.027623159743564298,0.5136876776035079,50,2022
2022-01-09,2022-02-03,EURUSD,AUDUSD,1.13534,1.14355,0.71778,0.71417,1.3,1.0,0.9400708157908703,0.5029396193819836,1.4430104351728539,0.011450314443250483,0.016718214494691967,-0.00039816688791071217,-0.00028913350410340557,0.027481228545928334,1.4155292066269256,25,2022
2022-01-10,2022-01-30,EURUSD,AUDUSD,1.13299,1.11519,0.71794,0.69959,1.3,1.0,-2.0423834279208157,2.555923893361559,0.5135404654407432,0.011474064201802312,0.01671448867593392,-0.0003191941990806965,-0.00023125525428346932,0.027638103424372062,0.4859023620163711,20,2022
2022-01-13,2022-01-20,AUDUSD,EURUSD,0.72805,0.72158,1.14564,1.13128,1.0,1.3,-0.8886752283496979,1.6294822108166531,0.7408069824669552,0.016482384451617333,0.011347369156104885,-0.00010009849918105503,3.180611375683771e-05,0.027761461222298,0.7130455212446571,7,2022
2022-01-20,2022-01-21,EURUSD,AUDUSD,1.13128,1.13418,0.72158,0.71721,1.3,1.0,0.33325083091717994,0.6056154549738054,0.9388662858909853,0.011491407962661763,0.016630172676626292,-1.598383404711647e-05,-1.1504434522871613e-05,0.028094092370718065,0.9107721935202673,1,2022
2022-01-21,2022-02-21,AUDUSD,EURUSD,0.71721,0.71834,1.13418,1.13092,1.0,1.3,0.15755496995300738,0.37366202895484435,0.5312169989078517,0.016731501233948214,0.011462025428062567,-0.00044999334368929224,0.0001422788825527682,0.027885812200874258,0.5033311867069774,31,2022
2022-01-23,2022-02-03,EURUSD,AUDUSD,1.13409,1.14355,0.71868,0.71417,1.3,1.0,1.0843936548245758,0.6275393777480957,1.7119330325726714,0.01146293504042889,0.01669727834362999,-0.00017538652980719438,-0.0001270594262998145,0.02785776742795187,1.6840752651447195,11,2022
2022-01-25,2022-01-28,EURUSD,AUDUSD,1.13028,1.1145,0.7158,0.69917,1.3,1.0,-1.8149485083342072,2.3232746577256265,0.5083261493914193,0.011501574831015325,0.016764459346186086,-4.7993926586744655e-05,-3.4791994396536874e-05,0.028183248256218128,0.48014290113520114,3,2022
2022-01-28,2022-02-01,AUDUSD,EURUSD,0.69917,0.71332,1.1145,1.1273,1.0,1.3,2.023828253500579,-1.4930462090623506,0.5307820444382285,0.017163207803538482,0.011664423508299685,-5.956181703511071e-05,1.868274365923659e-05,0.02878675223846229,0.5019952921997662,4,2022
2022-04-01,2022-04-22,EURUSD,AUDUSD,1.10427,1.07947,0.74973,0.72352,1.3,1.0,-2.9195758283753253,3.4959251997385663,0.576349371363241,0.011772483178932687,0.016005762074346765,-0.0003438706361643983,-0.00023252206410746224,0.027201852553007593,0.5491475188102335,21,2022
2022-04-03,2022-04-04,AUDUSD,EURUSD,0.7485,0.75427,1.10454,1.09749,1.0,1.3,0.7708750835003262,0.8297571839860939,1.6006322674864202,0.016032064128256508,0.011769605446611259,-1.390909673227734e-05,4.712803023932854e-06,0.02779247328115942,1.5728397942052608,1,2022
2022-04-04,2022-04-11,EURUSD,AUDUSD,1.09749,1.08769,0.75427,0.74141,1.3,1.0,-1.1608306226024874,1.7049597624192905,0.5441291398168031,0.01184521043471922,0.015909422355389977,-0.00011533165902719241,-7.704083291274461e-05,0.027562260298169262,0.5165668795186339,7,2022
2022-04-05,2022-04-06,EURUSD,AUDUSD,1.09058,1.08975,0.75848,0.75041,1.3,1.0,-0.09893817968421766,1.0639700453538685,0.9650318656696508,0.011920262612554787,0.01582111591604261,-1.6580344202921303e-05,-1.0944744572056875e-05,0.02771385343982242,0.9373180122298284,1,2022
2022-04-08,2022-04-12,AUDUSD,EURUSD,0.74577,0.74532,1.08744,1.0826,1.0,1.3,-0.06034031940143227,0.578606635768405,0.5182663163669727,0.01609075184037974,0.01195468255719856,-5.584005204880641e-05,1.9147647509949214e-05,0.02800874199303944,0.4902575743739333,4,2022
2022-04-10,2022-04-12,AUDUSD,EURUSD,0.7445,0.74532,1.08841,1.0826,1.0,1.3,0.11014103425116613,0.6939480526639888,0.804089086915155,0.016118200134318333,0.011944028445163127,-2.7967653201100307e-05,9.565291484008406e-06,0.02804382621776437,0.7760452606973907,2,2022
2022-04-12,2022-04-13,EURUSD,AUDUSD,1.0826,1.0895,0.74532,0.74495,1.3,1.0,0.828560871974864,0.049643106316747364,0.8782039782916115,0.01200812857934602,0.016100466913540494,-1.6702560300038723e-05,-1.1137994234709519e-05,0.028080754938351767,0.8501232233532597,1,2022
2022-04-13,2022-05-04,AUDUSD,EURUSD,0.74495,0.72509,1.0895,1.06202,1.0,1.3,-2.665950734948653,3.2789352914180765,0.6129845564694234,0.016108463655278876,0.01193207893529142,-0.0002934829679660398,0.00010033507892900475,0.02784739470153326,0.5851371617678901,21,2022
2022-04-24,2022-04-26,AUDUSD,EURUSD,0.72316,0.7141,1.08093,1.06424,1.0,1.3,-1.2528347806847817,2.0072530136086364,0.7544182329238547,0.016593838154765193,0.012026680728631828,-2.879296118178436e-05,9.63148298604867e-06,0.028601357405201283,0.7258168755186534,2,2022
2022-04-29,2022-05-03,AUDUSD,EURUSD,0.70581,0.71004,1.05409,1.05251,1.0,1.3,0.5993114294215094,0.194860021440284,0.7941714508617934,0.017001742678624556,0.012332912749385727,-5.900148144180213e-05,1.975345350797292e-05,0.029295407400076454,0.764876043461717,4,2022
2022-05-01,2022-05-09,EURUSD,AUDUSD,1.05349,1.05631,0.70624,0.69531,1.3,1.0,0.34798621723984646,1.547632532850022,1.8956187500898685,0.012339936781554641,0.016991391028545536,-0.0001373126790444858,-9.403454761003283e-05,0.02909998058344566,1.8665187695064227,8,2022
2022-05-06,2022-07-07,AUDUSD,EURUSD,0.7071,0.6847,1.05452,1.01683,1.0,1.3,-3.1678687597228086,4.646379395364717,1.478510635641908,0.01697072549851506,0.012327883776504954,-0.0009128545496461526,0.00030605367942513874,0.028691808404799003,1.449818827237109,62,2022
2022-05-09,2022-05-12,AUDUSD,EURUSD,0.69531,0.68679,1.05631,1.03784,1.0,1.3,-1.2253527203693275,2.2731016462970133,1.0477489259276858,0.017258489019286363,0.0123069932122199,-4.4919354981704216e-05,1.4783953911412729e-05,0.02953534683043597,1.0182135790972497,3,2022
2022-05-15,2022-05-17,EURUSD,AUDUSD,1.0398,1.05487,0.69469,0.70296,1.3,1.0,1.8841123292940845,-1.190459053678619,0.6936532756154654,0.01250240430852087,0.01727389195180584,-3.478013421969979e-05,-2.3899494344279314e-05,0.02971761663176273,0.6639356589837027,2,2022
2022-05-27,2022-06-22,EURUSD,AUDUSD,1.07317,1.05646,0.7157,0.69045,1.3,1.0,-2.0241900164931934,3.528014531228167,1.5038245147349736,0.012113644622939516,0.01676680173256951,-0.000438082490473429,-0.00030157274897073656,0.02814079111606486,1.4756837236189086,26,2022
2022-05-29,2022-06-22,EURUSD,AUDUSD,1.0729,1.05646,0.71578,0.69045,1.3,1.0,-1.9919843415043355,3.5387968370169554,1.54681249551262,0.012116693074843882,0.01676492777110285,-0.0004044856023298779,-0.0002783437323092693,0.028198791511307587,1.5186137040013123,24,2022
2022-06-05,2022-06-07,AUDUSD,EURUSD,0.72002,0.72207,1.07252,1.06972,1.0,1.3,0.2847143134912914,0.33938761048743965,0.6241019239787311,0.016666203716563428,0.012120986088837505,-2.8918526996776726e-05,9.707006772936253e-06,0.02876797828517709,0.595333945693554,2,2022
2022-06-08,2022-06-15,AUDUSD,EURUSD,0.71858,0.70172,1.07168,1.04573,1.0,1.3,-2.346294079991092,3.1478613018811488,0.8015672218900569,0.016699601992819172,0.012130486712451479,-0.00010141767420296575,3.4001153482740706e-05,0.028762672184550427,0.7728045497055065,7,2022
2022-06-14,2022-06-15,AUDUSD,EURUSD,0.68868,0.70172,1.04367,1.04573,1.0,1.3,1.893477377011101,-0.25659451742408385,1.6368828595870173,0.017424638438752395,0.012456044535149998,-1.5117266225401622e-05,4.987667990892518e-06,0.029870553375667887,1.6070123062113495,1,2022
2022-06-19,2022-06-22,EURUSD,AUDUSD,1.04898,1.05646,0.69504,0.69045,1.3,1.0,0.9269957482506732,0.6603936464088374,1.5873893946595106,0.012392991286773819,0.017265193370165743,-5.171364119665365e-05,-3.5831188980549454e-05,0.02957063982676236,1.5578187548327482,3,2022
2022-06-21,2022-07-05,AUDUSD,EURUSD,0.6959,0.67933,1.05312,1.02565,1.0,1.3,-2.3810892369593297,3.390971589182632,1.0098823522233022,0.01724385687598793,0.01234427225767244,-0.0002094459328316342,6.92007675561827e-05,0.029447883968384922,0.9804344682549173,14,2022
2022-06-22,2022-06-23,AUDUSD,EURUSD,0.69045,0.69021,1.05646,1.05192,1.0,1.3,-0.034759939170109055,0.5586581602710927,0.5238982211009837,0.017379969585053223,0.012305245820949209,-1.5078512425388644e-05,4.927284944110325e-06,0.029675064178521157,0.49422315692246255,1,2022
2022-06-27,2022-06-29,AUDUSD,EURUSD,0.69204,0.68776,1.05797,1.04456,1.0,1.3,-0.6184613606149862,1.647778292390161,1.0293169317751747,0.017340038148083926,0.012287683015586455,-3.0087737425899046e-05,9.840504838615072e-06,0.029607473931083095,0.9997094578440916,2,2022
2022-07-07,2022-09-29,EURUSD,AUDUSD,1.01683,0.98291,0.6847,0.65078,1.3,1.0,-4.336614773364274,4.953994450124135,0.6173796767598612,0.01278483128939941,0.017525923762231634,-0.00149376406045164,-0.0010184242273888573,0.02779856676379055,0.5895811099960706,84,2022
2022-07-12,2022-07-18,EURUSD,AUDUSD,1.003,1.01463,0.67453,0.68091,1.3,1.0,1.5073778664008015,-0.9458437727009996,0.5615340936998019,0.012961116650049852,0.01779016500378041,-0.00010816864475067947,-7.384136981021183e-05,0.030569271639269372,0.5309648220605325,6,2022
2022-07-13,2022-07-22,AUDUSD,EURUSD,0.67319,0.69227,1.00342,1.02119,1.0,1.3,2.8342667003372153,-2.3022263857607066,0.5320403145765087,0.017825576731680507,0.01295569153495047,-0.00013918601009668338,4.668963651162339e-05,0.030688771893045915,0.5013515426834628,9,2022
2022-07-14,2022-07-18,EURUSD,AUDUSD,1.00263,1.01463,0.67557,0.68091,1.3,1.0,1.5559079620597844,-0.7904436253830116,0.7654643366767728,0.012965899683831526,0.017762778098494605,-7.213904144428921e-05,-4.915179693008096e-05,0.03060738694395176,0.7348569497328211,4,2022
2022-07-18,2022-07-20,AUDUSD,EURUSD,0.68091,0.68835,1.01463,1.01807,1.0,1.3,1.092655417015465,-0.4407518011492015,0.6519036158662634,0.01762347446799136,0.012812552358988007,-3.057954473898045e-05,1.0260842774321269e-05,0.03041570812501471,0.6214879077412487,2,2022
2022-07-22,2022-09-15,EURUSD,AUDUSD,1.02119,0.99874,0.69227,0.6686,1.3,1.0,-2.8579402461833845,3.41918615569071,0.5612459095073254,0.012730246085449329,0.017334277088419253,-0.0009738839471060288,-0.0006595336248367738,0.028431105601925778,0.5328148039053997,55,2022
2022-07-28,2022-07-29,EURUSD,AUDUSD,1.01918,1.02248,0.6997,0.69881,1.3,1.0,0.4209266272886149,0.12719737030155015,0.5481239975901651,0.012755352342078929,0.017150207231670715,-1.7741902098571324e-05,-1.1864184454785906e-05,0.029875953487196287,0.5182480441029688,1,2022
2022-07-29,2022-08-12,AUDUSD,EURUSD,0.69881,0.71201,1.02248,1.0259,1.0,1.3,1.888925458994575,-0.43482513105390536,1.4541003279406697,0.01717204962722342,0.012714185118535325,-0.000208573753463079,7.127446241370698e-05,0.02974893545470937,1.4243513924859603,14,2022
2022-08-09,2022-08-10,AUDUSD,EURUSD,0.69537,0.70812,1.02079,1.02986,1.0,1.3,1.8335562362483178,-1.1550857669060124,0.6784704693423054,0.017256999870572498,0.012735234475259358,-1.4971826371729568e-05,5.099461644466339e-06,0.029982361981104592,0.6484881073612008,1,2022
2022-08-12,2022-08-17,EURUSD,AUDUSD,1.0259,1.01773,0.71201,0.69305,1.3,1.0,-1.0352860902622103,2.66288394825915,1.62759785799694,0.012671800370406473,0.016853695875057934,-8.812843250230003e-05,-5.829531792400175e-05,0.029379072495038107,1.5982187855019019,5,2022
2022-08-17,2022-08-18,AUDUSD,EURUSD,0.69305,0.69106,1.01773,1.00893,1.0,1.3,-0.28713657023303474,1.124070234738083,0.8369336645050484,0.017314768054252937,0.012773525394751064,-1.502194488725141e-05,5.114794151744368e-06,0.030078386298268495,0.8068552782067798,1,2022
2022-08-22,2022-08-29,EURUSD,AUDUSD,0.9938,1.00107,0.68775,0.69067,1.3,1.0,0.950996176293002,-0.4245728825881547,0.5264232937048474,0.013081102837593079,0.017448200654307525,-0.0001273650054998525,-8.449231412736587e-05,0.030317446172273384,0.49610584753257403,7,2022
2022-08-24,2022-08-25,AUDUSD,EURUSD,0.69049,0.69613,0.99677,0.99706,1.0,1.3,0.8168112499818938,-0.037822165594858584,0.7789890843870352,0.01737896276557227,0.013042126067197046,-1.5077638929035305e-05,5.222347634915572e-06,0.030411233541475197,0.7485778508455599,1,2022
2022-08-30,2022-09-04,AUDUSD,EURUSD,0.68536,0.67885,1.00234,0.99077,1.0,1.3,-0.9498657639780577,1.500588622623058,0.5507228586450004,0.017509046340609315,0.01296965101662111,-7.595248412593083e-05,2.5966635333593364e-05,0.030428711508438087,0.5202941471365623,5,2022
2022-08-31,2022-09-01,AUDUSD,EURUSD,0.68273,0.67944,1.0038,0.99514,1.0,1.3,-0.48188888726142176,1.1215381550109584,0.6396492677495367,0.01757649436819826,0.012950787009364416,-1.5249013378802145e-05,5.18577351270651e-06,0.030517218137696582,0.6091320496118401,1,2022
2022-10-02,2022-10-04,EURUSD,AUDUSD,0.97932,0.99836,0.64192,0.65127,1.3,1.0,2.52746803904751,-1.4565677966101647,1.0709002424373453,0.013274517011804111,0.0186939182452642,-3.692805575465e-05,-2.5864188257146364e-05,0.03190564301305652,1.0389945994242888,2,2022
2022-10-24,2022-10-27,AUDUSD,EURUSD,0.63269,0.64497,0.98842,0.99668,1.0,1.3,1.9409189334429293,-1.086380283685079,0.8545386497578502,0.01896663452875816,0.013152303676574738,-4.9365213157041774e-05,1.579939535436796e-05,0.032085372387530224,0.82245327737032,3,2022
2022-10-31,2022-11-07,EURUSD,AUDUSD,0.98856,1.00173,0.64087,0.64735,1.3,1.0,1.7319130857004146,-1.0111255012716978,0.7207875844287168,0.01315044104556122,0.018724546319846457,-0.0001280401214552009,-9.067297430227016e-05,0.0316562742696502,0.6891313101590666,7,2022
2022-11-16,2022-11-30,AUDUSD,EURUSD,0.67381,0.67986,1.03932,1.04229,1.0,1.3,0.8978792241136225,-0.37149289920331485,0.5263863249103077,0.01780917469316276,0.012508178424354385,-0.000216312350154397,7.011960929142817e-05,0.03017116037665418,0.4962151645336535,14,2022
2022-11-24,2022-11-28,EURUSD,AUDUSD,1.04074,1.03433,0.67646,0.66509,1.3,1.0,-0.8006802851817011,1.6808089170091345,0.8801286318274334,0.012491112093318216,0.017739408095083228,-6.949744136219197e-05,-4.908712924940838e-05,0.030111935617789843,0.8500166962096436,4,2022
2022-11-29,2022-12-01,EURUSD,AUDUSD,1.03235,1.05278,0.66826,0.68098,1.3,1.0,2.5726739962222047,-1.9034507527010542,0.6692232435211505,0.012592628469026977,0.017957082572651363,-3.503112661562826e-05,-2.484473068270942e-05,0.030489835184380004,0.6387334083367705,2,2022
2023-01-01,2023-03-06,EURUSD,AUDUSD,1.07005,1.06854,0.68131,0.67306,1.3,1.0,-0.183449371524683,1.2109025260160544,1.0274531544913714,0.01214896500163544,0.017613127651142653,-0.0010815011204827838,-0.0007798031310752471,0.02790078840122006,0.9995523660901514,64,2023
2023-01-10,2023-01-17,AUDUSD,EURUSD,0.68927,0.69872,1.07382,1.07893,1.0,1.3,1.3710157122752995,-0.6186325454917894,0.7523831667835101,0.01740972333048007,0.01210631204484923,-0.00010573028323990181,3.393339308672176e-05,0.02944423848517612,0.7229389282983341,7,2023
2023-01-13,2023-01-19,EURUSD,AUDUSD,1.08302,1.08333,0.69676,0.69113,1.3,1.0,0.037210762497438044,0.8080257190424283,0.8452364815398663,0.012003471773374455,0.01722257305241403,-0.00010017649783469507,-7.148547445043083e-05,0.02905438285350336,0.8161820986863629,6,2023
2023-01-15,2023-01-19,EURUSD,AUDUSD,1.08225,1.08333,0.69715,0.69113,1.3,1.0,0.12972972972972613,0.8635157426665745,0.9932454723963007,0.012012012012012015,0.01721293839202467,-6.683184765376547e-05,-4.763032267382169e-05,0.029110488233709098,0.9641349841625916,4,2023
2023-01-16,2023-01-17,AUDUSD,EURUSD,0.69654,0.69872,1.08294,1.07893,1.0,1.3,0.3129755649352456,0.4813747760725515,0.7943503410077971,0.017228012748729434,0.012004358505549708,-1.4946677727208184e-05,4.806803195056784e-06,0.02922223137974699,0.7651281096280501,1,2023
2023-01-17,2023-01-18,EURUSD,AUDUSD,1.07893,1.07972,0.69872,0.69433,1.3,1.0,0.09518689813056352,0.6282917334554621,0.7234786315860255,0.012048974446905732,0.017174261506755207,-1.675937436239786e-05,-1.1880824740974494e-05,0.029194595754557566,0.694284035831468,1,2023
2023-01-18,2023-01-25,AUDUSD,EURUSD,0.69433,0.7107,1.07972,1.09206,1.0,1.3,2.357668543776014,-1.4857555662579207,0.8719129775180932,0.017282848213385563,0.012040158559626571,-0.00010495976312238722,3.374796814394802e-05,0.029251794978033693,0.8426611825400595,7,2023
2023-01-19,2023-01-20,AUDUSD,EURUSD,0.69113,0.69672,1.08333,1.08549,1.0,1.3,0.8088203377078095,-0.259200797540935,0.5496195401668744,0.01736286950356662,0.012000036923190535,-1.5063676738254148e-05,4.805072740582089e-06,0.02935264782275948,0.5202668923441149,1,2023
2023-01-26,2023-02-01,EURUSD,AUDUSD,1.0893,1.10124,0.71132,0.71469,1.3,1.0,1.4249518039107758,-0.47376708091999314,0.9511847229907826,0.011934269714495549,0.016870044424450316,-9.959896326533692e-05,-7.002223918641707e-05,0.02863469293649411,0.9225500300542885,6,2023
2023-01-31,2023-02-14,AUDUSD,EURUSD,0.70507,0.69865,1.08606,1.0735,1.0,1.3,-0.9105478888620961,1.5034160175312752,0.592868128669179,0.017019586707702778,0.011969872751045062,-0.00020672192074196072,6.710192100691225e-05,0.02884983945901279,0.5640182892101663,14,2023
2023-04-04,2023-06-02,AUDUSD,EURUSD,0.67594,0.66038,1.09575,1.07063,1.0,1.3,-2.301979465633047,2.980241843486201,0.6782623778531538,0.017753055004882088,0.011864020077572441,-0.0009087294365512704,0.0002802859116324279,0.028988631557535685,0.6492737462956181,59,2023
2023-04-06,2023-05-08,AUDUSD,EURUSD,0.66739,0.67801,1.09194,1.09965,1.0,1.3,1.591273468286903,-0.917907577339427,0.673365890947476,0.017980491167083713,0.011905416048500834,-0.0004991844123099041,0.00015254990426740795,0.02953927270754205,0.6438266182399339,32,2023
2023-04-16,2023-04-24,EURUSD,AUDUSD,1.09843,1.1057,0.67051,0.6703,1.3,1.0,0.8604098577059852,0.03131944340875505,0.8917293011147402,0.011835073696093516,0.017896824804999177,-0.00013169481373103006,-9.904544138657079e-05,0.029501158245975094,0.8622281428687651,8,2023
2023-04-21,2023-05-05,AUDUSD,EURUSD,0.66887,0.67456,1.09874,1.10162,1.0,1.3,0.8506884745914878,-0.3407539545297333,0.5099345200617544,0.01794070596677979,0.011831734532282432,-0.00021790994461933446,6.632753183534514e-05,0.02962085808627823,0.4803136619754762,14,2023
2023-04-26,2023-05-01,AUDUSD,EURUSD,0.66076,0.66223,1.1045,1.09687,1.0,1.3,0.22247109389187775,0.8980534178361279,1.1205245117280056,0.018160905623827106,0.011770031688546853,-7.878018421294865e-05,2.3564868501832484e-05,0.02987572199666284,1.0906487897313428,5,2023
2023-04-27,2023-08-04,EURUSD,AUDUSD,1.10315,1.10029,0.66296,0.65663,1.3,1.0,-0.3370348547341803,0.9548087365753509,0.6177738818411707,0.011784435480215745,0.018100639555930977,-0.0016227502935243342,-0.0012396458556147522,0.027022678887007635,0.5907512029541631,99,2023
2023-05-01,2023-05-03,EURUSD,AUDUSD,1.09687,1.10685,0.66223,0.66412,1.3,1.0,1.1828202065878217,-0.28539933255818345,0.8974208740296383,0.01185190587763363,0.01812059254337617,-3.29705284688649e-05,-2.5070956806588944e-05,0.029914456935734343,0.867506417093904,2,2023
2023-05-03,2023-05-04,AUDUSD,EURUSD,0.66412,0.66957,1.10685,1.10229,1.0,1.3,0.820634825031614,0.5355739260062219,1.356208751037836,0.018069023670421007,0.011745042236978816,-1.567632190584471e-05,4.702967386777607e-06,0.029803092552880755,1.3264056584849553,1,2023
2023-05-04,2023-07-17,EURUSD,AUDUSD,1.10229,1.12373,0.66957,0.68096,1.3,1.0,2.5285541917281185,-1.701091745448573,0.8274624462795455,0.01179362962559762,0.017921949908150006,-0.0012139112137285303,-0.000917456531599405,0.027584211788419695,0.7998782344911257,74,2023
2023-05-05,2023-06-28,EURUSD,AUDUSD,1.10162,1.09151,0.67456,0.65984,1.3,1.0,-1.1930611281567223,2.182163187855797,0.9891020596990749,0.011800802454566911,0.01778937381404174,-0.0008863658577044566,-0.0006645427724779703,0.028039267638426225,0.9610627920606487,54,2023
2023-05-08,2023-05-24,EURUSD,AUDUSD,1.09965,1.07555,0.67801,0.65427,1.3,1.0,-2.8490883462920036,3.5014232828424334,0.6523349365504298,0.011821943345609967,0.01769885399920355,-0.0002630974114428688,-0.0001958996442651571,0.029061800289105495,0.6232731362613243,16,2023
2023-05-26,2023-06-28,EURUSD,AUDUSD,1.07227,1.09151,0.65142,0.65984,1.3,1.0,2.3326214479561957,-1.2925608670289495,1.0400605809272463,0.012123812099564476,0.018421295017039697,-0.0005564944731897033,-0.00042053545405337886,0.02956807718936109,1.0104925037378851,33,2023
2023-05-28,2023-06-28,EURUSD,AUDUSD,1.07214,1.09151,0.65244,0.65984,1.3,1.0,2.348667151677939,-1.1342039114707807,1.2144632402071582,0.012125282145988398,0.01839249586168843,-0.0005228309224592678,-0.00039443085303387995,0.02960051623218368,1.1848627239749745,31,2023
2023-05-29,2023-06-27,EURUSD,AUDUSD,1.07067,1.09575,0.65275,0.66817,1.3,1.0,3.045195998767126,-2.362313289927229,0.6828827088398968,0.012141929819645644,0.018383761011106853,-0.0004897714156965597,-0.0003688084657639176,0.02966711094929202,0.6532155978906048,29,2023
2023-05-30,2023-06-01,AUDUSD,EURUSD,0.65171,0.65773,1.07316,1.07604,1.0,1.3,0.923723742155257,-0.34887621603491376,0.5748475261203432,0.018413097850270822,0.012113757501211377,-3.194966750275303e-05,9.7012178091893e-06,0.030504606901788637,0.5443429192185545,2,2023
2023-06-02,2023-06-21,EURUSD,AUDUSD,1.07063,1.09915,0.66038,0.67983,1.3,1.0,3.46300776178513,-2.9452739331899935,0.5177338285951363,0.012142383456469556,0.018171355886005026,-0.0003208967092605442,-0.00023884131469344957,0.02975400131852059,0.4879798272766157,19,2023
2023-06-06,2023-06-08,EURUSD,AUDUSD,1.06984,1.07818,0.66798,0.67118,1.3,1.0,1.0134225678606166,-0.47905625916943334,0.5343663086911832,0.012151349734539747,0.017964609718853858,-3.380354404550572e-05,-2.4855144953482734e-05,0.030057300764394616,0.5043090079267886,2,2023
2023-06-07,2023-06-09,AUDUSD,EURUSD,0.6658,0.67374,1.07069,1.07456,1.0,1.3,1.1925503154100419,-0.4698839066396485,0.7226664087703933,0.018023430459597475,0.012141703013944282,-3.127353230432439e-05,9.723597777236726e-06,0.03014358353901467,0.6925228252313786,2,2023
2023-06-09,2023-06-20,EURUSD,AUDUSD,1.07456,1.09198,0.67374,0.67894,1.3,1.0,2.107467242406193,-0.7718110843945709,1.3356561580116222,0.012097974985110185,0.017811025024490158,-0.00018510284171106413,-0.00013553458083704497,0.029588362587052233,1.3060677954245699,11,2023
2023-06-26,2023-07-04,AUDUSD,EURUSD,0.66735,0.6693,1.09099,1.08824,1.0,1.3,0.2922004944931456,0.32768403010107805,0.6198845245942237,0.017981568891885815,0.011915782912767304,-0.0001248035831765591,3.817068498926513e-05,0.029810718906465822,0.5900738056877579,8,2023
2023-06-29,2023-07-10,EURUSD,AUDUSD,1.08673,1.10052,0.66165,0.66761,1.3,1.0,1.6496277824298549,-0.900778357137471,0.7488494252923839,0.01196249298353777,0.01813647698934482,-0.00018302992425813322,-0.00013801113654220612,0.029777928912082252,0.7190714963803015,11,2023
2023-07-04,2023-07-06,EURUSD,AUDUSD,1.08824,1.08896,0.6693,0.66281,1.3,1.0,0.08601043887375776,0.9696698042731206,1.0556802431468784,0.0119458942880247,0.017929179740026894,-3.323199253992119e-05,-2.4806125393735837e-05,0.029817035910117938,1.0258632072367604,2,2023
2023-07-06,2023-09-28,AUDUSD,EURUSD,0.66281,0.64261,1.08896,1.05621,1.0,1.3,-3.0476305426894577,3.909693652659399,0.8620631099699412,0.0181047358971651,0.011937995885982959,-0.0013194136297660043,0.0004015393347529778,0.02912485748813503,0.8329382524818062,84,2023
2023-07-10,2023-07-13,AUDUSD,EURUSD,0.66761,0.68878,1.10052,1.12234,1.0,1.3,3.171013016581524,-2.577508814015187,0.5935042025663368,0.017974565989125384,0.01181259768109621,-4.678311695799758e-05,1.4190054116385328e-05,0.02975457060737998,0.5637496319589569,3,2023
2023-07-14,2023-07-25,AUDUSD,EURUSD,0.68348,0.67869,1.12235,1.10499,1.0,1.3,-0.700825188739972,2.010780950683838,1.3099557619438658,0.017557207233569377,0.011582839577671852,-0.0001675550827313242,5.101819750755356e-05,0.02902350992601746,1.2809322520178483,11,2023
2023-07-17,2023-07-20,AUDUSD,EURUSD,0.68096,0.67779,1.12373,1.11344,1.0,1.3,-0.46551926691729417,1.1904105078621987,0.7248912409449045,0.017622180451127817,0.011568615236756162,-4.586594911937377e-05,1.3896966670075892e-05,0.029158826705434678,0.6957324142394699,3,2023
2023-07-18,2023-08-02,EURUSD,AUDUSD,1.12281,1.09435,0.68128,0.6541,1.3,1.0,-3.295125622322583,3.9895490840770287,0.6944234617544458,0.01157809424568716,0.017613903240958195,-0.0002415661391618606,-0.00018277440691816208,0.02876765694056533,0.6656558048138804,15,2023
2023-07-20,2023-07-21,EURUSD,AUDUSD,1.11344,1.11244,0.67779,0.6726,1.3,1.0,-0.11675528093115543,0.7657238967821933,0.6489686158510379,0.011675528093116828,0.017704598769530386,-1.6239933701700962e-05,-1.2247701888510745e-05,0.029351639227057,0.619616976623981,1,2023
2023-07-24,2023-07-28,EURUSD,AUDUSD,1.1063,1.10125,0.67313,0.66466,1.3,1.0,-0.5934195064629846,1.2583007739961043,0.6648812675331197,0.011750881316098707,0.017827165629224664,-6.537898140042274e-05,-4.932996516579976e-05,0.02946333799875715,0.6354179295343626,4,2023
2023-07-25,2023-07-26,EURUSD,AUDUSD,1.10499,1.10779,0.67869,0.67606,1.3,1.0,0.32941474583481994,0.3875112348789611,0.7169259807137811,0.011764812351243,0.017681120983070325,-1.6364122553889103e-05,-1.2231460406096594e-05,0.02941733775135334,0.6875086429624278,1,2023
2023-07-26,2023-09-25,AUDUSD,EURUSD,0.67606,0.64215,1.10779,1.05912,1.0,1.3,-5.015826997603763,5.71146155859865,0.6956345609948871,0.017749903854687454,0.011735076142590202,-0.0009393670578804912,0.0002866375816493581,0.028832250521046526,0.6668023104738405,61,2023
2023-07-28,2023-07-31,AUDUSD,EURUSD,0.66466,0.67156,1.10125,1.09966,1.0,1.3,1.0381247555141,0.18769580022701243,1.2258205557411124,0.018054343574158215,0.011804767309875142,-4.699075724780905e-05,1.4180647769502275e-05,0.02982630077455505,1.1959942549665574,3,2023
2023-07-31,2023-08-01,EURUSD,AUDUSD,1.09966,1.10075,0.67156,0.6617,1.3,1.0,0.12885801065781763,1.4682232414080783,1.597081252065896,0.011821835840168781,0.017868842694621474,-1.64434386817943e-05,-1.2361322686005267e-05,0.029661873773422456,1.5674193782924735,1,2023
2023-08-01,2023-09-14,AUDUSD,EURUSD,0.6617,0.643,1.10075,1.0635,1.0,1.3,-2.8260541030678463,4.399273222802636,1.5732191197347896,0.018135106543750945,0.011810129457188283,-0.0006922807794783465,0.00020807730719092524,0.029461032528651808,1.5437580872061378,44,2023
2023-08-06,2023-08-10,EURUSD,AUDUSD,1.10024,1.09815,0.65731,0.65113,1.3,1.0,-0.24694612084637815,0.9401956458900617,0.6932495250436835,0.011815603868246928,0.01825622613378771,-6.573908158518838e-05,-5.051722847979612e-05,0.02995557369196965,0.6632939513517139,4,2023
2023-08-07,2023-08-31,AUDUSD,EURUSD,0.65718,0.64859,1.10026,1.08424,1.0,1.3,-1.3071000334763667,1.8928253321941995,0.5857252987178327,0.01825983748744636,0.011815389089851492,-0.0003802048353550475,0.00011354725869277719,0.029808569000635582,0.5559167297171972,24,2023
2023-08-10,2023-08-14,AUDUSD,EURUSD,0.65113,0.64875,1.09815,1.09077,1.0,1.3,-0.3655184064626016,0.8736511405545623,0.5081327340919607,0.018429499485509804,0.011838091335427766,-6.395625392231713e-05,1.896090498403604e-05,0.030222595471999292,0.4779101386199614,4,2023
2023-08-13,2023-08-17,EURUSD,AUDUSD,1.09432,1.08743,0.64944,0.64056,1.3,1.0,-0.8184991592952776,1.367331855136733,0.5488326958414554,0.01187952335697054,0.018477457501847743,-6.60947137247676e-05,-5.112940295031842e-05,0.030239756742143197,0.5185929390993123,4,2023
2023-08-21,2023-08-22,AUDUSD,EURUSD,0.64127,0.64239,1.08975,1.08464,1.0,1.3,0.17465342211549112,0.609589355356727,0.784242777472218,0.018712866655231024,0.011929341592108284,-1.6234907143807738e-05,4.7767648103278684e-06,0.030630750105005825,0.7536120273672122,1,2023
2023-08-22,2025-03-05,EURUSD,AUDUSD,1.08464,1.07941,0.64239,0.63361,1.3,1.0,-0.626843929783162,1.3667709646787791,0.7399270348956172,0.011985543590500074,0.018680240975108574,-0.009352512897404755,-0.007249596807470048,0.014063674860733847,0.7258633600348833,561,2023
2023-08-31,2024-08-04,EURUSD,AUDUSD,1.08424,1.09103,0.64859,0.64973,1.3,1.0,0.8141186453183619,-0.17576589216608796,0.6383527531522739,0.01198996532133107,0.018501672859587717,-0.005653603458365888,-0.004338895733146738,0.02049913898940616,0.6178536141628678,339,2023
2023-10-01,2023-10-03,EURUSD,AUDUSD,1.0564,1.04686,0.64367,0.6308,1.3,1.0,-1.1739871260886157,1.9994717790171885,0.8254846529285729,0.012305944717909884,0.01864309351064987,-3.4233608066682925e-05,-2.579386910377584e-05,0.030889010751389293,0.7945956421771836,2,2023
2023-10-11,2023-11-01,AUDUSD,EURUSD,0.64173,0.6422,1.06234,1.05866,1.0,1.3,0.07323952441057305,0.45032663742306284,0.5235661618336359,0.01869945304099855,0.01223713688649585,-0.0003406886649935352,0.00010290026591595033,0.030698801528416815,0.4928673603052191,21,2023
2023-10-19,2023-10-29,AUDUSD,EURUSD,0.63239,0.6338,1.05863,1.05618,1.0,1.3,0.2229636774775095,0.3008605461776147,0.5238242236551243,0.018975632125745188,0.012280022292963549,-0.0001646287718671957,4.9171849012920434e-05,0.03114019749585446,0.4926840261592698,10,2023
2023-10-20,2023-10-24,AUDUSD,EURUSD,0.63092,0.63596,1.05927,1.05949,1.0,1.3,0.7988334495657029,-0.02699972622656563,0.7718337233391372,0.019019844037278893,0.012272602830251023,-6.600493821156146e-05,1.965685595572345e-05,0.03124609878527408,0.7405876245538632,4,2023
2023-10-22,2023-10-23,EURUSD,AUDUSD,1.05896,1.06698,0.63196,0.63359,1.3,1.0,0.9845508801088031,-0.2579277169441136,0.7266231631646896,0.012276195512578381,0.018988543578707513,-1.707542473825444e-05,-1.3135910283900404e-05,0.03123452775626374,0.6953886354084258,1,2023
2023-10-24,2023-10-25,EURUSD,AUDUSD,1.05949,1.05661,0.63596,0.62933,1.3,1.0,-0.3533775684527453,1.042518397383487,0.6891408289307417,0.012270054460164796,0.018869111264859427,-1.7066882916140707e-05,-1.3053289299663027e-05,0.031109045552808422,0.6580317833779332,1,2023
2023-10-26,2023-11-08,EURUSD,AUDUSD,1.05638,1.07112,0.6333,0.64067,1.3,1.0,1.8139305931577623,-1.1637454602873818,0.6501851328703805,0.012306177701206004,0.018948365703458078,-0.00022252266528208117,-0.00017040550800438668,0.030861615231377613,0.6193235176390028,13,2023
2023-11-08,2023-11-30,AUDUSD,EURUSD,0.64067,0.66062,1.07112,1.08916,1.0,1.3,3.1139276070363877,-2.1894839046978665,0.9244437023385212,0.01873039162127148,0.012136828740010458,-0.00035750245194938264,0.00010691663674023963,0.030616634546072795,0.8938270677924485,22,2023
2023-11-10,2023-11-23,AUDUSD,EURUSD,0.63579,0.65594,1.06848,1.09038,1.0,1.3,3.1692854558895234,-2.6645327942497516,0.5047526616397717,0.018874156561128674,0.01216681641209943,-0.00021287290733327773,6.333411283010661e-05,0.03089143417872493,0.4738612274610468,13,2023
2023-11-15,2023-11-16,EURUSD,AUDUSD,1.08541,1.08529,0.6511,0.64686,1.3,1.0,-0.014372449120596582,0.6512056519735865,0.6368332028529899,0.01197704093384067,0.018430348640761787,-1.6659319317881647e-05,-1.2749761730937949e-05,0.030377980493553638,0.6064552223594363,1,2023
2023-11-26,2023-11-30,AUDUSD,EURUSD,0.65804,0.66062,1.09396,1.08916,1.0,1.3,0.3920734301866189,0.5704047679988463,0.9624781981854652,0.01823597349705185,0.01188343266664229,-6.328465688474615e-05,1.9033527558794815e-05,0.030075155034368188,0.932403043151097,4,2023
2024-01-01,2024-01-09,EURUSD,AUDUSD,1.10365,1.09317,0.68089,0.6684,1.3,1.0,-1.2344493272323707,1.8343638473174817,0.599914520085111,0.011779096633896615,0.017623992127950183,-0.0001310719288239708,-9.753551807797087e-05,0.029174481314944857,0.5707400387701662,8,2024
2024-01-04,2024-04-29,AUDUSD,EURUSD,0.67056,0.656,1.09462,1.07147,1.0,1.3,-2.1713194941541425,2.7493559408744592,0.5780364467203167,0.017895490336435216,0.01187626756317261,-0.0018009890731280009,0.0005516394880765528,0.02852240831455638,0.5495140384057604,116,2024
2024-01-05,2024-01-10,EURUSD,AUDUSD,1.09392,1.0974,0.67129,0.67016,1.3,1.0,0.41355857832381765,0.16833261332659138,0.581891191650409,0.011883867193213398,0.017876029733796123,-8.264860218673174e-05,-6.183147270936331e-05,0.029615416852113424,0.5522757747982956,5,2024
2024-01-11,2024-04-11,AUDUSD,EURUSD,0.66987,0.654,1.09824,1.0726,1.0,1.3,-2.3691163957185633,3.0350378787878913,0.6659214830693281,0.01791392359711586,0.01183712121212121,-0.0014143001780554027,0.0004313252386882524,0.02876806986986992,0.6371534131994582,91,2024
2024-01-14,2024-01-15,EURUSD,AUDUSD,1.09451,1.09449,0.66886,0.66499,1.3,1.0,-0.0023754922294150194,0.5785964177854918,0.5762209255560767,0.011877461146997288,0.017940974194898783,-1.6520810025328152e-05,-1.2411221874553266e-05,0.02978950330999619,0.5464314222460805,1,2024
2024-01-17,2024-01-18,AUDUSD,EURUSD,0.65514,0.65811,1.0886,1.08799,1.0,1.3,0.45333821778551586,0.07284585706411899,0.5261840748496348,0.018316695668101474,0.011941943781003125,-1.5891197154973883e-05,4.781810997661947e-06,0.030247530062947284,0.4959365447866875,1,2024
2024-01-18,2024-02-28,EURUSD,AUDUSD,1.08799,1.08383,0.65811,0.6494,1.3,1.0,-0.4970633921267589,1.3234869550683008,0.826423562941542,0.01194863923381649,0.018234033824132745,-0.0006814123870749717,-0.0005171721511351623,0.0289840885197391,0.7974394744218029,41,2024
2024-01-21,2024-02-28,EURUSD,AUDUSD,1.0892,1.08383,0.65946,0.6494,1.3,1.0,-0.6409291222915754,1.5254905528766063,0.8845614305850309,0.011935365405802425,0.018196706396142296,-0.0006308513474763431,-0.0004783490352629735,0.029022871419205405,0.8555385591658254,38,2024
2024-01-23,2024-02-26,EURUSD,AUDUSD,1.08572,1.08503,0.65857,0.65388,1.3,1.0,-0.08261798622113467,0.7121490502148552,0.6295310639937205,0.011973621191467413,0.01822129766008169,-0.0005662551307408403,-0.00042857490523781183,0.02920008881557045,0.60033097517815,34,2024
2024-01-24,2024-01-25,AUDUSD,EURUSD,0.65752,0.65816,1.0881,1.08454,1.0,1.3,0.09733544226791184,0.4253285543608133,0.5226639966287251,0.01825039542523421,0.01194743130227001,-1.583367639632192e-05,4.784008319138677e-06,0.030186777059427038,0.4924772195692981,1,2024
2024-01-25,2024-02-26,EURUSD,AUDUSD,1.08454,1.08503,0.65816,0.65388,1.3,1.0,0.05873457871538562,0.6502977999270619,0.7090323786424475,0.011986648717428588,0.018232648596086056,-0.0005335258607209521,-0.0004036158922092475,0.029282155560584444,0.6797502230818631,32,2024
2024-01-26,2024-01-29,AUDUSD,EURUSD,0.65718,0.6613,1.08504,1.08336,1.0,1.3,0.6269210870689936,0.20128290201281748,0.8282039890818111,0.01825983748744636,0.011981125119811252,-4.7525604419380936e-05,1.4392500143924997e-05,0.03020782950298215,0.797996159578829,3,2024
2024-01-28,2024-02-26,EURUSD,AUDUSD,1.08422,1.08503,0.65766,0.65388,1.3,1.0,0.09712051059747752,0.5747650761791815,0.671885586776659,0.011990186493516079,0.018246510354894625,-0.00048365051524952097,-0.0003660549919827833,0.0293869913411784,0.6424985954354806,29,2024
2024-01-29,2024-02-01,EURUSD,AUDUSD,1.08336,1.08742,0.6613,0.65738,1.3,1.0,0.48718800767980525,0.5927718130954234,1.0799598207752286,0.011999704622655441,0.018146075911084227,-5.007252930001638e-05,-3.765932192505836e-05,0.030058048682514594,1.049901772092714,3,2024
2024-01-30,2024-04-11,AUDUSD,EURUSD,0.65945,0.654,1.08428,1.0726,1.0,1.3,-0.8264462809917288,1.4003762865680347,0.5739300055763059,0.018196982333762983,0.011989523001438745,-0.0011366882115336878,0.00034566211730175343,0.029395479240969795,0.5445345263353362,72,2024
2024-04-04,2024-07-25,EURUSD,AUDUSD,1.08364,1.08513,0.65872,0.65396,1.3,1.0,0.17874940016979707,0.7226135535584143,0.9013629537282113,0.011996604038241484,0.018217148409035704,-0.0018688914025433304,-0.001411454676732958,0.0269334063680009,0.8744295473602104,112,2024
2024-04-09,2024-04-17,EURUSD,AUDUSD,1.08588,1.06689,0.66278,0.64382,1.3,1.0,-2.2734556304564113,2.860677751290034,0.5872221208336228,0.011971856927100602,0.01810555538791152,-0.0001332168694943966,-0.00010020060790022267,0.029843994837617505,0.5573781259960053,8,2024
2024-04-11,2024-04-16,EURUSD,AUDUSD,1.0726,1.0621,0.654,0.6412,1.3,1.0,-1.2726086145813855,1.9571865443425127,0.6845779297611272,0.012120082043632295,0.018348623853211007,-8.429140304317508e-05,-6.346613045117505e-05,0.03032094836334895,0.6542569813977782,5,2024
2024-04-19,2024-04-22,AUDUSD,EURUSD,0.64158,0.64514,1.06526,1.06537,1.0,1.3,0.5548801396552273,-0.013423952837784409,0.5414561868174429,0.01870382493219863,0.012203593488913506,-4.8681188179695056e-05,1.4659743495638978e-05,0.03087339697642808,0.5105827898410148,3,2024
2024-04-22,2024-07-25,EURUSD,AUDUSD,1.06537,1.08513,0.64514,0.65396,1.3,1.0,2.411181092014981,-1.3671451157888115,1.0440359762261695,0.012202333461614277,0.018600613820256066,-0.001595432598437407,-0.0012095495041747335,0.027997965179258205,1.0160380110469114,94,2024
2024-04-24,2024-07-24,EURUSD,AUDUSD,1.06999,1.08378,0.64972,0.65732,1.3,1.0,1.6754362190300807,-1.1697346549282848,0.5057015641017959,0.012149646258376248,0.018469494551499106,-0.0015378456359917332,-0.0011626926330330703,0.02791860254085055,0.47778296156094535,91,2024
2024-04-26,2024-04-30,EURUSD,AUDUSD,1.06911,1.06659,0.65319,0.64743,1.3,1.0,-0.30642309958751685,0.8818261149129807,0.5754030153254639,0.01215964680902807,0.018371377394020113,-6.765325095012456e-05,-5.083586621358991e-05,0.030412535085884467,0.5449904802395794,4,2024
2024-05-12,2024-06-13,AUDUSD,EURUSD,0.65997,0.66306,1.07702,1.07374,1.0,1.3,0.4682031001409212,0.39590722549258356,0.8641103256335048,0.01818264466566662,0.012070342240626915,-0.0005047967103527537,0.00015466318403163672,0.029902853379972418,0.8342074722535323,32,2024
2024-05-17,2024-05-22,EURUSD,AUDUSD,1.08674,1.0825,0.66922,0.66179,1.3,1.0,-0.507205035243023,1.1102477511132434,0.6030427158702204,0.01196238290667501,0.01793132303278443,-8.319465456697056e-05,-6.20227269284667e-05,0.029748488557964,0.5732942273122564,5,2024
2024-05-26,2024-06-10,AUDUSD,EURUSD,0.66222,0.6607,1.08466,1.07633,1.0,1.3,-0.22953097158045313,0.9983773717109449,0.7688464001304918,0.018120866177403275,0.011985322589567238,-0.00023581949134976872,7.198771207643124e-05,0.029942356987697177,0.7389040431427946,15,2024
2024-06-05,2024-07-24,EURUSD,AUDUSD,1.08739,1.08378,0.6655,0.65732,1.3,1.0,-0.431583884346936,1.229151014274976,0.79756712992804,0.011955232253377355,0.018031555221637866,-0.0008148202551616934,-0.0006112203204923685,0.02856074689936116,0.7690063830286789,49,2024
2024-06-09,2024-07-24,EURUSD,AUDUSD,1.07788,1.08378,0.65815,0.65732,1.3,1.0,0.7115819942850801,0.12611106890526436,0.8376930631903444,0.012060711767543699,0.018232925624857555,-0.000754906511055949,-0.0005675934723628602,0.028971137408982446,0.8087219257813619,45,2024
2024-06-10,2024-07-22,EURUSD,AUDUSD,1.07633,1.08889,0.6607,0.66381,1.3,1.0,1.5170068659240081,-0.47071288027850117,1.046293985645507,0.012078080142707164,0.018162554866051155,-0.0007055940601809115,-0.0005277092996012945,0.029007331648976113,1.0172866539965308,42,2024
2024-06-11,2024-07-17,EURUSD,AUDUSD,1.07399,1.09402,0.66072,0.67301,1.3,1.0,2.4245104703023297,-1.8600920208257696,0.5644184494765601,0.012104395757874841,0.01816200508536142,-0.0006061126305734587,-0.00045230856500256265,0.029207979647660243,0.5352104698288999,36,2024
2024-06-18,2024-07-16,EURUSD,AUDUSD,1.07386,1.0902,0.66608,0.67314,1.3,1.0,1.9780977036112743,-1.0599327408119077,0.9181649627993667,0.012105861099212188,0.018015853951477298,-0.0004714780044540384,-0.0003489646231149164,0.02930127242312053,0.8888636903762461,28,2024
2024-06-26,2024-07-01,EURUSD,AUDUSD,1.06797,1.07365,0.66449,0.66538,1.3,1.0,0.6914051892843319,-0.13393730530180234,0.5574678839825296,0.01217262657190745,0.01805896251260365,-8.465683390367667e-05,-6.24642196497592e-05,0.030084468030957663,0.5273834159515719,5,2024
2024-07-01,2024-11-21,AUDUSD,EURUSD,0.66538,0.6509,1.07365,1.0469,1.0,1.3,-2.176200066127617,3.2389512410934724,1.0627511749658556,0.018034807177853256,0.012108228938667163,-0.002237469000101703,0.0006933205063510787,0.028598887622769794,1.0341522873430857,143,2024
2024-07-08,2024-11-21,AUDUSD,EURUSD,0.67423,0.6509,1.08305,1.0469,1.0,1.3,-3.460243537071914,4.339134850653263,0.8788913135813492,0.017798080773623243,0.012003139282581598,-0.0021000109917370985,0.0006536588389081317,0.028354867903375876,0.8505364456779734,136,2024
2024-07-15,2024-11-21,AUDUSD,EURUSD,0.6762,0.6509,1.08981,1.0469,1.0,1.3,-3.741496598639454,5.1185986548113895,1.3771020561719354,0.017746228926353146,0.011928684816619413,-0.001986119045593222,0.0006161687352061996,0.028304963432585536,1.3487970927393498,129,2024
2024-07-16,2024-10-02,AUDUSD,EURUSD,0.67314,0.68837,1.0902,1.10458,1.0,1.3,2.2625308256826333,-1.7147312419739302,0.5477995837087031,0.017826900793297084,0.01192441753806641,-0.0012063683550532546,0.00037243386283275905,0.028917383839143,0.5188821998695601,78,2024
2024-07-17,2024-10-01,AUDUSD,EURUSD,0.67301,0.6879,1.09402,1.10644,1.0,1.3,2.212448552027453,-1.4758413922963134,0.7366071597311394,0.017830344274230695,0.011882780936363139,-0.0011756628827392294,0.00036161719013927027,0.028899079517993875,0.7077080802131456,76,2024
2024-07-22,2024-09-27,AUDUSD,EURUSD,0.66381,0.69009,1.08889,1.11619,1.0,1.3,3.9589641614317306,-3.2592823884873714,0.6996817729443592,0.018077461924345818,0.011938763327792526,-0.0010508040652827504,0.00032029601088050334,0.029285717197736098,0.6703960557466231,67,2024
2024-07-25,2024-07-29,AUDUSD,EURUSD,0.65396,0.65506,1.08513,1.0819,1.0,1.3,0.16820600648357545,0.3869582446342648,0.5551642511178403,0.01834974616184476,0.011980131412826115,-6.367948439726949e-05,1.9188408585348467e-05,0.030285386498858955,0.5248788646189814,4,2024
2024-07-28,2024-08-02,EURUSD,AUDUSD,1.08527,1.09098,0.65525,0.65093,1.3,1.0,0.6839772591152556,0.6592903471957253,1.343267606310981,0.011978585973997256,0.018313620755436855,-8.33073418634161e-05,-6.33450580924357e-05,0.030145554329478262,1.3131220519815028,5,2024
2024-08-04,2024-08-08,AUDUSD,EURUSD,0.64973,0.65905,1.09103,1.09149,1.0,1.3,1.4344419989841926,-0.05481059182608774,1.3796314071581048,0.018469210287350126,0.01191534604914622,-6.409406309765342e-05,1.908464277629321e-05,0.030339546916174985,1.34929186024193,4,2024
2024-08-08,2024-08-14,EURUSD,AUDUSD,1.09149,1.10116,0.65905,0.65971,1.3,1.0,1.1517283713089261,-0.10014414687808115,1.051584224430845,0.011910324418913596,0.01820802670510583,-9.939912476058552e-05,-7.557578207735708e-05,0.029943376217181485,1.0216408482136636,6,2024
2024-08-09,2024-08-28,AUDUSD,EURUSD,0.65712,0.67826,1.09167,1.11244,1.0,1.3,3.2170684197711124,-2.473366493537446,0.7437019262336664,0.018261504747991233,0.01190836058515852,-0.0003010229778093532,9.059890771848739e-05,0.02995944126305889,0.7137424849706074,19,2024
2024-08-14,2024-08-15,AUDUSD,EURUSD,0.65971,0.66117,1.10116,1.09723,1.0,1.3,0.2213093632050472,0.46396527298485113,0.6852746361898984,0.018189810674387227,0.011805732137019145,-1.5781114283714948e-05,4.727268927362777e-06,0.02998448896605002,0.6552901472238484,1,2024
2024-08-15,2025-03-04,EURUSD,AUDUSD,1.09723,1.0623,0.66117,0.62675,1.3,1.0,-4.1385124358612035,5.2059228337643875,1.067410397903184,0.01184801727987751,0.018149643813240163,-0.0033124509427788214,-0.0025236706784423878,0.024161539471896466,1.0432488584312876,201,2024
2024-08-29,2024-09-03,EURUSD,AUDUSD,1.108,1.10485,0.67953,0.67128,1.3,1.0,-0.36958483754512467,1.2140744337998293,0.8444895962547045,0.011732851985559567,0.017659264491633922,-8.159833836110973e-05,-6.10817025224324e-05,0.029249436436309947,0.8152401598183946,5,2024
2024-10-02,2024-10-07,EURUSD,AUDUSD,1.10458,1.09742,0.68837,0.67551,1.3,1.0,-0.8426732332651128,1.868181355956823,1.0255081226917102,0.011769179235546545,0.017432485436611123,-8.185098309231527e-05,-6.0297295517045326e-05,0.02905951639354831,0.9964486062981619,5,2024
2024-10-06,2024-10-07,EURUSD,AUDUSD,1.09705,1.09742,0.67974,0.67551,1.3,1.0,0.04384485666104334,0.6222967605260771,0.6661416171871204,0.011849961259742034,0.017653808809250594,-1.6482559391843504e-05,-1.221256636804322e-05,0.029475074943232742,0.6366665422438876,1,2024
2024-10-07,2024-10-17,AUDUSD,EURUSD,0.67551,0.66989,1.09742,1.08291,1.0,1.3,-0.831963997572215,1.7188496655792704,0.8868856680070555,0.01776435582004707,0.011845965992965321,-0.0001541199820004084,4.743379428163142e-05,0.029503635625293616,0.8573820323817619,10,2024
2024-10-08,2024-10-10,AUDUSD,EURUSD,0.67389,0.67403,1.09753,1.09334,1.0,1.3,0.02077490391607369,0.49629622880466967,0.5170711327207433,0.017807060499488044,0.011844778730421949,-3.089809584386054e-05,9.48580804543802e-06,0.02963042694211157,0.48744070577863174,2,2024
2024-10-10,2024-10-28,EURUSD,AUDUSD,1.09334,1.08176,0.67403,0.65827,1.3,1.0,-1.376881848281404,2.3381748586858144,0.9612930104044104,0.011890171401393894,0.017803361868166105,-0.0002976928055817902,-0.00022168843750908207,0.029174152026469127,0.9321188583779413,18,2024
2024-10-17,2024-10-21,EURUSD,AUDUSD,1.08291,1.08153,0.66989,0.66537,1.3,1.0,-0.16566473668171114,0.6747376434937032,0.5090729068119921,0.01200469106389266,0.017913388765319678,-6.679111571902344e-05,-4.956855521362431e-05,0.02980172015827969,0.47927118665371243,4,2024
2024-10-22,2024-10-23,EURUSD,AUDUSD,1.07962,1.07803,0.66812,0.66341,1.3,1.0,-0.19145625312609757,0.7049631802670167,0.5135069271409191,0.01204127378151572,0.017960845357121474,-1.6748663215596153e-05,-1.2424968363488143e-05,0.029972945507058108,0.48353398163386097,1,2024
2024-10-28,2024-11-06,AUDUSD,EURUSD,0.65827,0.65664,1.08176,1.07315,1.0,1.3,-0.24761875826029142,1.0347027067001928,0.7870839484399014,0.01822960183511325,0.012017453039491201,-0.00014234072665773357,4.330841875138029e-05,0.0301480225666981,0.7569359258732032,9,2024
2024-10-29,2024-11-06,AUDUSD,EURUSD,0.65579,0.65664,1.08197,1.07315,1.0,1.3,0.12961466323061002,1.0597336340194334,1.1893482972500435,0.01829854069137986,0.01201512056711369,-0.0001270035700954219,3.848890044681308e-05,0.030225146588844943,1.1591231506611985,8,2024
2024-11-04,2024-11-06,AUDUSD,EURUSD,0.65833,0.65664,1.08735,1.07315,1.0,1.3,-0.25671016055777035,1.6977054306341093,1.4409952700763389,0.01822794039463491,0.01195567204671909,-3.1628389725850525e-05,9.5746161807234e-06,0.030161558667808872,1.41083371140853,2,2024
2024-11-10,2024-12-06,EURUSD,AUDUSD,1.07132,1.05673,0.65836,0.63868,1.3,1.0,-1.770432737184047,2.989246005225093,1.218813268041046,0.01213456296904753,0.018227109787957958,-0.0004388389895655545,-0.00032783828974779173,0.029594995477692138,1.1892182725633538,26,2024
2024-11-17,2024-12-05,EURUSD,AUDUSD,1.05362,1.05865,0.64644,0.64503,1.3,1.0,0.6206222357206694,0.21811769073696283,0.8387399264576323,0.012338414229038933,0.01856320772229441,-0.0003089154078840516,-0.000231150079720077,0.030361556463729213,0.8083783699939031,18,2024
2024-11-28,2024-12-04,EURUSD,AUDUSD,1.056,1.05123,0.65066,0.64311,1.3,1.0,-0.5872159090909018,1.1603602495927299,0.573144340501828,0.012310606060606062,0.018442811914056494,-0.00010273972602739725,-7.655030150628929e-05,0.03057412794712887,0.5425702125546992,6,2024
2025-01-01,2025-03-03,EURUSD,AUDUSD,1.03507,1.04851,0.6193,0.62152,1.3,1.0,1.6880017776575649,-0.35846923946391085,1.329532538193654,0.012559537036142484,0.019376715646697885,-0.001065641646101362,-0.0008176708568445594,0.030052940179894443,1.2994795980137597,61,2025
2025-01-02,2025-01-06,EURUSD,AUDUSD,1.02678,1.03831,0.62006,0.62376,1.3,1.0,1.459806385009452,-0.5967164467954773,0.8630899382139747,0.012660940026101016,0.019352965842015287,-7.044232174690555e-05,-5.355204246694642e-05,0.031889911503902454,0.8312000267100723,4,2025
2025-01-05,2025-01-06,EURUSD,AUDUSD,1.03051,1.03831,0.62203,0.62376,1.3,1.0,0.9839788066103228,-0.2781216340047923,0.7058571726055305,0.012615112905260503,0.01929167403501439,-1.754683776074169e-05,-1.3345610120112694e-05,0.03187589449239404,0.6739812781131365,1,2025
2025-01-15,2025-01-20,EURUSD,AUDUSD,1.0295,1.04208,0.62349,0.62798,1.3,1.0,1.5885381253035218,-0.7201398578966774,0.8683982674068443,0.012627489072365225,0.019246499542895635,-8.782026119874656e-05,-6.657179636412532e-05,0.03171959655769799,0.8366786708491464,5,2025
2025-01-16,2025-02-07,AUDUSD,EURUSD,0.62093,0.62696,1.03014,1.0326,1.0,1.3,0.9711239592224535,-0.31044324072454993,0.6606807184979036,0.019325849934775253,0.012619643931892754,-0.0003688678206728793,0.00011116988753490347,0.03168779593353003,0.6289929225643736,22,2025
2025-04-01,2025-04-02,EURUSD,AUDUSD,1.0794,1.09041,0.62875,0.62633,1.3,1.0,1.3260144524736193,0.3848906560636147,1.710905108537234,0.012043727997035392,0.01908548707753479,-1.6752076876803705e-05,-1.3202973937198725e-05,0.031099260023756178,1.679805848513478,1,2025
2025-04-02,2025-06-16,AUDUSD,EURUSD,0.62633,0.65119,1.09041,1.15534,1.0,1.3,3.9691536410518404,-7.7410331893507855,-3.771879548298945,0.019159229160346777,0.011922121037041114,-0.0012466621713924275,0.0003580405158647753,0.03019272854186024,-3.8020722768408053,75,2025
2025-04-06,2025-04-07,AUDUSD,EURUSD,0.59861,0.59963,1.09832,1.09146,1.0,1.3,0.17039474783248207,0.8119673683443647,0.9823621161768468,0.020046440921468067,0.011836259013766481,-1.7391889383922066e-05,4.739492545027673e-06,0.03187004753839565,0.9504920686384511,1,2025
2025-04-07,2025-04-08,EURUSD,AUDUSD,1.09146,1.09773,0.59963,0.59525,1.3,1.0,0.7467978670771258,0.7304504444407469,1.4772483115178727,0.011910651787513972,0.020012340943581872,-1.656697614280131e-05,-1.3844153666450476e-05,0.03189258160128659,1.4453557299165862,1,2025
2025-04-08,2025-04-09,AUDUSD,EURUSD,0.59525,0.61327,1.09773,1.09507,1.0,1.3,3.027299454010926,0.31501371011087775,3.3423131641218036,0.02015959680806384,0.01184262068085959,-1.749006115768096e-05,4.742039893284136e-06,0.03198946946765903,3.3103236946541443,1,2025
2025-04-09,2025-04-10,EURUSD,AUDUSD,1.09507,1.12576,0.61327,0.62225,1.3,1.0,3.643328736975731,-1.464281637777812,2.179047099197919,0.011871387217255518,0.019567237921307087,-1.6512361566677857e-05,-1.3536239931863125e-05,0.03140857653706406,2.1476385226608548,1,2025
2025-04-13,2025-06-16,EURUSD,AUDUSD,1.1342,1.15534,0.63002,0.65119,1.3,1.0,2.423029448069116,-3.3602107869591475,-0.9371813388900314,0.011461823311585257,0.019047014380495855,-0.0010203317527531322,-0.000843286992846063,0.028645218946481917,-0.9658265578365133,64,2025
2025-04-14,2025-06-16,EURUSD,AUDUSD,1.1336,1.15534,0.63184,0.65119,1.3,1.0,2.4931192660550567,-3.062484173208422,-0.5693649071533651,0.011467889908256881,0.018992149911369965,-0.0010049206794211193,-0.000827719519767446,0.028627399620438282,-0.5979923067738033,63,2025
2025-04-15,2025-04-16,EURUSD,AUDUSD,1.12932,1.13953,0.63372,0.63685,1.3,1.0,1.1753090355257834,-0.49390898188475624,0.6814000536410272,0.011511351964013745,0.01893580761219466,-1.6011574913064424e-05,-1.3099428553641512e-05,0.030418048572741697,0.6509820050682855,1,2025
2025-04-17,2025-04-20,EURUSD,AUDUSD,1.13715,1.14488,0.63885,0.63893,1.3,1.0,0.8837004792683226,-0.012522501369643732,0.8711779778986789,0.011432088994415864,0.01878375205447288,-4.770397515056566e-05,-3.89827183048307e-05,0.030129154355433344,0.8410488235432455,3,2025
2025-04-18,2025-04-23,AUDUSD,EURUSD,0.63731,0.63634,1.13901,1.13292,1.0,1.3,-0.15220222497685998,0.6950773039745214,0.5428750789976614,0.018829141234250203,0.011413420426510744,-8.167892316227259e-05,2.285089442610159e-05,0.030183733632024777,0.5126913453656367,5,2025
2025-04-30,2025-06-11,EURUSD,AUDUSD,1.13219,1.15099,0.641,0.65083,1.3,1.0,2.1586482834153196,-1.533541341653667,0.6251069417616526,0.011482171720294298,0.018720748829953195,-0.0006707814543446952,-0.0005439275105250785,0.028988211585377722,0.5961187301762749,42,2025
2025-05-02,2025-05-21,EURUSD,AUDUSD,1.12946,1.13318,0.64414,0.6432,1.3,1.0,0.42816921360652155,0.14593100878691773,0.5741002223934393,0.011509925096948988,0.018629490483435276,-0.000304182214364047,-0.00024486296053227594,0.02959037040548794,0.5445098519879513,19,2025
2025-05-05,2025-05-21,EURUSD,AUDUSD,1.1312,1.13318,0.64603,0.6432,1.3,1.0,0.22754596888261322,0.4380601520053247,0.6656061208879379,0.011492220650636492,0.018574988777610945,-0.00025575943112902293,-0.00020559713605903623,0.029605852861059375,0.6360002680268786,16,2025
2025-05-11,2025-05-20,EURUSD,AUDUSD,1.12276,1.12881,0.64186,0.64251,1.3,1.0,0.7005058961844156,-0.10126818932478102,0.5992377068596346,0.01157860985428765,0.018695665721496897,-0.00014494613811268412,-0.00011639972699205947,0.030012929710679804,0.5692247771489548,9,2025
2025-05-15,2025-06-16,AUDUSD,EURUSD,0.64036,0.65119,1.11918,1.15534,1.0,1.3,1.6912361796489483,-4.200218016762269,-2.5089818371133212,0.018739459054281964,0.011615647170249646,-0.0005202553015983304,0.00014883695425736113,0.029983687877190638,-2.538965524990512,32,2025
2025-05-20,2025-05-28,AUDUSD,EURUSD,0.64251,0.64219,1.12881,1.12296,1.0,1.3,-0.04980467230081819,0.6737183405533412,0.623913668252523,0.01867675211280758,0.011516552829971386,-0.00012962859913912111,3.689180253225818e-05,0.030100568146172103,0.5938131001063509,8,2025
2025-05-26,2025-05-28,AUDUSD,EURUSD,0.64796,0.64219,1.13883,1.12296,1.0,1.3,-0.8904870671028986,1.8115961117989574,0.9211090446960588,0.01851966170751281,0.01141522439696882,-3.213457282582132e-05,9.141802467540887e-06,0.02991189333412335,0.8911971513619354,2,2025
2025-06-11,2025-06-16,AUDUSD,EURUSD,0.65083,0.65119,1.15099,1.15534,1.0,1.3,0.055313983682378956,-0.4913161712960234,-0.43600218761364445,0.018437994560791603,0.011294624627494594,-7.998216818608231e-05,2.2613052468113515e-05,0.02967525007256823,-0.46567743768621267,5,2025
2025-06-15,2025-06-16,EURUSD,AUDUSD,1.15376,1.15534,0.64915,0.65119,1.3,1.0,0.17802662598808922,-0.3142571054455891,-0.1362304794574999,0.011267507973928722,0.018485712085034276,-1.567240308280918e-05,-1.2788061099920972e-05,0.029724759594780267,-0.16595523905228016,1,2025
